yearmonth	actor1	actor2	impressionVal	accumulativeVal	deepVal	windowMeanVal	meanVal	interactionVal
200003	USA	CHN	1.9509428321883957	1.7177857060043131	1.3626453404090215	1.3116440518313468	1.5190690690690674	4.957380094091932
200004	USA	CHN	2.1557294742080373	1.6803106289662824	1.3532423796383197	1.3288186486397788	1.5873544093178018	4.492557443156453
200005	USA	CHN	1.8333878641446566	1.7326512309010365	0.9227281833367498	1.4286462989630244	1.1795154185022039	3.1730992621928626
200006	USA	CHN	1.5643600746883686	1.2072619903947068	0.8325228285719484	1.2664996452670756	1.0326291079812207	1.5920416679633436
200007	USA	CHN	1.597237263818479	2.4022508652623222	0.9818129108961112	1.1216280841702737	1.152739726027397	3.2522844612045314
200008	USA	CHN	1.9106103680947937	2.2542601827290407	1.2577692522236221	1.209395994314928	1.442819148936166	2.592352052838441
200009	USA	CHN	2.224742558567984	1.3943673164933854	1.4244252149672314	1.416255994898136	1.653209109730845	4.636754451231724
200010	USA	CHN	2.9073887439560853	0.24542300288489402	1.9756986481614027	1.7787814880668698	2.2403162055335977	0.39075760383612734
200011	USA	CHN	3.3309628806422107	2.794880734594357	2.1047216656028915	2.116905698695453	2.4571917808219172	0.8313364381340628
200012	USA	CHN	2.4167663674164532	4.113616624085823	1.0204545896798218	2.037736821898119	1.4157024793388426	0.6090950259599957
200101	USA	CHN	2.401953796341618	4.257821635108497	1.4571857752317232	1.860481482011455	1.7085501858736052	0.6631439289523958
200102	USA	CHN	1.5168911964601088	1.8516359460304064	0.563082983683996	1.3197608684440698	0.835029940119761	1.1569645633169197
200103	USA	CHN	2.2334221337951705	0.3656240844927824	1.6449898426340497	1.4473625295599766	1.7985074626865638	13.749561958143474
200104	USA	CHN	1.9013926057708204	0.34933804730315826	0.9761674142199541	1.2942296724917284	1.2491516146688606	496.6259667069533
200105	USA	CHN	1.4782741689500933	1.130050251532764	0.6891063693602049	1.3170220251712672	0.903406998158377	20.86389733660971
200106	USA	CHN	2.794505584275495	1.4820879887316858	2.229967395649356	1.5121555529347486	2.3839080459770075	2.009007772091967
200107	USA	CHN	2.2273502508671683	2.749838657983182	1.0254364329859946	1.5568222264726135	1.3831516352824562	21.950994929810076
200108	USA	CHN	2.2093183416514592	2.000725491051555	1.2882919810825328	1.7668654222084381	1.533536585365851	4.267421186048333
200109	USA	CHN	1.7543648620855343	1.6396819704393177	0.8847328387930149	1.3492636902367543	1.1311028500619558	8.794567306094631
200110	USA	CHN	2.152778916381738	0.1909430950707874	1.4496163591220093	1.4354595219541963	1.641739130434782	4.1094188930330775
200111	USA	CHN	2.7121844968917266	0.32995033280111097	1.8232446435222156	1.6175842315941502	2.0799107142857136	0.23485983397717905
200112	USA	CHN	2.147133076596349	0.46156600656186797	0.9958333721277034	1.6822944965267697	1.3252336448598137	0.9518937826790111
200201	USA	CHN	2.0609219323029193	0.4700094045019876	1.203018529116044	1.612999848351835	1.4338551859099775	2.0099173239797454
200202	USA	CHN	2.4545712115486613	0.15633866581209288	1.6376189085170443	1.5425706185335002	1.8686230248307096	15.502268775838724
200203	USA	CHN	1.4207428897077263	0.6245830976174285	0.39134198950301025	1.3296416990625246	0.6864468864468868	1.475110898544405
200204	USA	CHN	2.4101156431542767	0.6482273914027178	1.8705716410784528	1.5204165621861627	2.0061797752808923	2.2290135795040804
200205	USA	CHN	2.54729686145235	2.5677070670946973	1.5447031491942844	1.5122896953234006	1.8442424242424227	2.1705642306332873
200206	USA	CHN	2.6129577121874306	2.183202318300228	1.5259043107435084	1.8931870907903325	1.8291390728476824	0.35576726183366786
200207	USA	CHN	2.267165351927564	3.7234052729447935	1.206514551115369	1.7258993479508977	1.5043165467625885	1.1368963659831448
200208	USA	CHN	1.9625679366707178	1.921386124161067	1.052697343942	1.545800996010441	1.303947368421052	1.2168667561770166
200209	USA	CHN	2.7117196799674095	2.0026892762476525	1.932804856465186	1.652402525718489	2.1489436619718267	1.2989400856059983
200210	USA	CHN	2.9981260660391698	2.635412037686754	1.8557940272073319	1.8803555686895164	2.1881756756756703	10.492173178779158
200211	USA	CHN	2.285879260274232	3.8969715849547732	1.0239277381044691	1.9053807753844145	1.3790229885057468	0.775318965848346
200212	USA	CHN	2.5914277492036346	3.874247738662904	1.6958355112358963	1.8345744956254828	1.9365248226950316	2.9283564223021488
200301	USA	CHN	2.8426321561430896	1.9686351012759116	1.7886861327318364	1.8026315833254298	2.0923469387755116	2.8724510615511964
200302	USA	CHN	2.5185338209465185	2.3340183599925037	1.3260769969783937	1.897364967322136	1.6632231404958655	2.4203373879318812
200303	USA	CHN	2.151438530583506	3.5127052888182564	1.1370373175227746	1.7239388592902716	1.4162464985994379	0.8000902086814601
200304	USA	CHN	3.113406153499292	5.764889840607383	2.2638792188950427	1.8595656707212467	2.4992273730684365	5.372262404614808
200305	USA	CHN	2.9439030915831843	6.116419001102061	1.627424603857408	1.9758090748125177	2.011953352769678	0.5401947815023022
200306	USA	CHN	3.2052940538524184	4.996048543436916	1.9820295463537376	2.2767721761024156	2.319135802469132	1.804506654415208
200307	USA	CHN	3.691642837602501	2.4459289676391	2.3861087721748553	2.362720507886621	2.7570723684210527	3.254081779044023
200308	USA	CHN	3.697399211174793	0.7695048631376615	2.1540824573330424	2.556610322001841	2.593622795115338	5.825588686893667
200309	USA	CHN	3.2824702155645404	0.7265626160763731	1.7614408837273259	2.5124275332897184	2.186587436332765	2.6644284504012234
200310	USA	CHN	3.158542084456244	3.0065341138737356	1.843837389370265	2.3293101254002724	2.207720144752715	6.197621705598491
200311	USA	CHN	3.5405038177954347	2.5871319561361927	2.2650617798849333	2.3393367486273724	2.6237026647966366	6.207146620156345
200312	USA	CHN	3.3691294251527184	2.328838048083243	1.900376022247971	2.383364195948578	2.318669778296382	11.343002281680608
200401	USA	CHN	3.13504365959895	0.3731690366348342	1.7561482498014245	2.3606060240302944	2.1394456289978643	2.007370909824545
200402	USA	CHN	3.6631124563105133	3.1556679365809366	2.4030955986310643	2.4042695913342125	2.7546933667083917	8.475052658119107
200403	USA	CHN	2.4667344816283587	4.50757757966335	0.9461200682077429	2.091939461673077	1.3816793893129755	2.3220556239937125
200404	USA	CHN	2.529341683201298	4.230319558515979	1.5643961607268246	1.9844399053059583	1.8169469598965073	4.780442117611571
200405	USA	CHN	2.407952328035239	1.447691566349583	1.408525270808173	1.6312805534047552	1.6952153110047834	0.8944916176033859
200406	USA	CHN	2.650305611412113	2.081283799359293	1.654355120829277	1.8148996785357234	1.9325367647058802	1.840265438661634
200407	USA	CHN	2.458421092726603	2.0607292075786416	1.3682755572471663	1.7685099511628133	1.6777777777777763	1.8790898865055339
200408	USA	CHN	1.5715293310505587	2.1633612145867778	0.5696737187400491	1.486010092841422	0.8477157360406097	0.6294571937084182
200409	USA	CHN	2.95494625342544	2.850301300968701	2.3643972478256723	1.6815302453468688	2.5190972222222205	1.134555607088706
200410	USA	CHN	3.7426703831472574	3.283964350892854	2.4854567455238774	2.076034426947824	2.8612903225806416	1.2877487207592224
200411	USA	CHN	3.5173203018624224	5.691918489009267	1.902159805036825	2.5803262259359294	2.3605911330049265	0.4319020651531166
200412	USA	CHN	2.3266655373370337	4.475136169617632	0.899970321717708	2.171977833398411	1.2940520446096653	0.9565869783350232
200501	USA	CHN	2.5766107060068797	4.32919268417644	1.6992497742559065	1.8619931943815142	1.9313364055299511	0.5772629675669894
200502	USA	CHN	2.6975047587660477	1.8733278820973234	1.6561575970918547	1.7275819358323237	1.9573573573573548	2.5135428522046843
200503	USA	CHN	2.394403235541443	2.0833033722934013	1.2644766934421177	1.8236642044873388	1.5822988505747098	3.069871726542905
200504	USA	CHN	1.4076410279624487	1.8482546165191591	0.4465869148105748	1.4170648898235088	0.711538461538462	0.351634474205707
200505	USA	CHN	1.8493595985119369	3.30668267492391	1.332744786987739	1.2533196024800908	1.4661214953271002	2.597417827788107
200506	USA	CHN	2.287473389460711	1.6321189440162558	1.5295328382698894	1.3101170583319572	1.75269121813031	1.362239990407862
200507	USA	CHN	2.7066617779593862	1.6063922776703565	1.726546578861159	1.7415375711524692	2.0057999999999976	5.895289717523281
200508	USA	CHN	3.5512254415562676	2.959460516148881	2.42056873485311	2.166719294932324	2.7416666666666636	6.568184458415859
200509	USA	CHN	3.22161970815878	5.122659271881916	1.7230528981209283	2.30050508322087	2.15404858299595	7.458967134528205
200510	USA	CHN	3.3039477490703177	7.546025042858648	1.9863601539549496	2.41477545359124	2.3486111111111065	2.08781834156552
200511	USA	CHN	3.3791535347875343	4.6928957370156725	2.043012294914095	2.3079041085620022	2.4210526315789505	9.15226158399237
200512	USA	CHN	3.3479651762045064	2.9167513378625567	1.9552022018649073	2.3723879142300177	2.347499999999997	0.6403528931092977
200601	USA	CHN	2.9047424484528013	2.4601951655674212	1.5369981991965005	2.229615045383109	1.92029250457038	4.709438997255042
200602	USA	CHN	2.4059656936805736	2.4531224934403175	1.2429851291000036	1.9439194631439267	1.5639658848614038	3.213766517175923
200603	USA	CHN	2.576225244369905	2.0269059967744525	1.6280364242026988	1.7912949818161275	1.8896265560165983	5.814150425325831
200604	USA	CHN	3.078182757648351	0.006124487689056126	2.023501222278742	1.925942075208331	2.3242337847469905	25.68953551127642
200605	USA	CHN	3.080546219121661	2.2260347321038307	1.7873864557062369	2.1234855489440627	2.1565963060686	3.4791501526029505
200606	USA	CHN	2.9850868412307725	2.225627914904494	1.716535493991017	2.1838393071678084	2.070687830687835	3.2374185760319927
200607	USA	CHN	3.1428409897959058	4.55394172705497	1.933849052918046	2.1665521697096044	2.272372372372379	3.5262635800380986
200608	USA	CHN	2.8888070636091516	4.339142486028642	1.5976547311293725	2.1020704149089604	1.9631510416666682	1.6215902306524055
200609	USA	CHN	2.710806971423682	4.575625352189445	1.5372070626508219	2.032763426655204	1.8627668659265653	4.226957298805182
200610	USA	CHN	2.9800737087888205	4.491455986990424	1.8897000555730323	2.0068726358644144	2.194700000000009	5.445345447620576
200611	USA	CHN	3.2498368097773898	4.902819044119239	2.0193117009467594	2.142333970344717	2.3695350451075763	5.282126670590251
200612	USA	CHN	3.6044787601494575	7.365866182972841	2.253852652370998	2.399977010481355	2.63569598633648	7.649809025927294
200701	USA	CHN	3.208906925214087	5.121808398734362	1.7151919096392212	2.3812347328295513	2.1384731670445976	4.348074537837382
200702	USA	CHN	3.1777666211315996	2.6994410985183186	1.8800670065666711	2.337373861192521	2.237952430196486	2.477352108291544
200703	USA	CHN	2.814637804268463	0.00031829041006543814	1.5311179303323579	2.089837795784033	1.8930877901110148	6.015470065510235
200704	USA	CHN	2.549022201200266	0.03177764861490231	1.411693010039661	1.9525400852491863	1.7265800354400582	3.0221616375432916
200705	USA	CHN	2.7378399578141748	0.3232286561745274	1.718348138844059	1.874068818965888	2.002538631346591	3.725241441247182
200706	USA	CHN	2.4855563662915423	0.5682378459594489	1.3595357152493366	1.8029195705936791	1.679640044994388	3.0170026848205636
200707	USA	CHN	2.5129532924694913	2.3687342479013376	1.5018245222709572	1.8212430955116048	1.7815506101938356	2.568463638797635
200708	USA	CHN	1.7126340106095956	2.07544032831545	0.6936040171011395	1.4808282972636164	0.9812942366026255	1.9561642671385422
200709	USA	CHN	2.7634034755575936	4.135699788551859	2.0991145669366515	1.6792602590295413	2.274935930292163	5.537882864144314
200710	USA	CHN	2.416329439017414	2.5008896867639288	1.2550227782548968	1.618344091728071	1.5988021082894237	5.197589997851995
200711	USA	CHN	2.3520565446670694	2.502602927992146	1.3452388703285962	1.8309051237373548	1.618977332630478	4.308415800889226
200712	USA	CHN	2.6316753759951097	2.1868633992597912	1.6969239218794527	1.7258696736521444	1.959829580036532	4.6281018116576895
200801	USA	CHN	3.0053987368802106	4.2466252384773675	1.9119058447107529	1.9341851288051675	2.2237484737484925	2.5586014242593302
200802	USA	CHN	1.9116939700404956	5.2699585311300154	0.6561734921617393	1.7320260179283427	1.0125000000000035	3.991618955983692
200803	USA	CHN	2.093241497593626	3.500840247185535	1.3614584966517975	1.5956448369584078	1.5506860371267275	3.9919010971500044
200804	USA	CHN	2.1204474645105154	2.7905244726174243	1.2875289524994924	1.3640045067743858	1.5288274831964264	5.472331080800653
200805	USA	CHN	2.904747039134981	1.83342045160969	2.0171252565673954	1.781911418703037	2.2662207357859576	2.1766573524265
200806	USA	CHN	3.1580830213010316	1.6708866202276613	1.9349213520899577	2.0278688571283814	2.2885583524027604	2.3447495225988786
200807	USA	CHN	2.656272992539003	0.12404504838191052	1.3341810297115502	2.086908103989875	1.7059452237809065	1.3581468562985533
200808	USA	CHN	1.914706730102351	1.2458277875641246	0.8571148158934403	1.7136290746608036	1.1463836477987441	1.5827945334805242
200809	USA	CHN	2.8112459651719295	1.2496976107444195	2.080340049044809	1.7101539914772863	2.2781331028522085	1.8036892500860922
200810	USA	CHN	2.2729718348857277	1.274834369568568	1.090343653299308	1.6208137596509482	1.4379245283018918	1.4025698382443317
200811	USA	CHN	3.246553748549376	0.08734298620947473	2.313130067131773	2.0933621360441776	2.5640287769784322	1.7052807710970317
200812	USA	CHN	3.193800919640054	0.3669826113325475	1.8449972688076661	2.080381559981138	2.23919137466309	2.0201214734722113
200901	USA	CHN	2.3643739070016117	0.34150563271335144	1.0291042979324452	2.067698898283803	1.3998765432098867	2.3156666522640164
200902	USA	CHN	2.659234506874007	0.6089448078772002	1.7479431652256965	1.8772344851073461	1.9926355374490619	5.061096710561687
200903	USA	CHN	2.2835078677834124	1.7937542544742846	1.2013213940473237	1.6353018698760315	1.5133935289691458	8.61086332602473
200904	USA	CHN	2.7585577939008026	2.0871458207516347	1.824860781122477	1.8622487506012841	2.0807171853856445	3.152401516145678
200905	USA	CHN	3.1392171190076024	2.1468507162295842	2.0029836865208024	1.974669311072711	2.3298972188633424	4.098169377527463
200906	USA	CHN	2.4476800997878128	0.6210953258248939	1.1289406217193358	1.9711481976427454	1.5028301886792497	6.479374155385086
200907	USA	CHN	2.6830409737990926	2.320335962200551	1.7136258649255356	1.935847342062216	1.974814618644056	8.005260418601905
200908	USA	CHN	2.719963738392306	3.9620222484312944	1.6335677140299039	1.807611437232161	1.9451895043731773	1.7197530652619248
200909	USA	CHN	3.3306571316483913	4.021702340070031	2.201081648549995	2.1460189537846297	2.5180527383366553	10.673529677882016
200910	USA	CHN	3.253760864668258	2.0294337471206774	1.865033105216447	2.2420686549279973	2.2629637220741583	6.101270150614512
200911	USA	CHN	3.0093245471311048	2.110531365759818	1.6686824670618146	2.2743079237665307	2.0419073108887793	28.587298965166
200912	USA	CHN	3.253642204457328	2.117921942108683	2.0450562199229223	2.2288363592923472	2.381638044914104	5.21944839516904
201001	USA	CHN	1.7216713633726703	2.117886691883143	0.3838711855712106	1.7292953032275928	0.7643405538798956	19.171537756337518
201002	USA	CHN	1.631752863905352	0.06654549889773928	0.9947865033837899	1.4326206507928099	1.1518833535844295	38.443647352057745
201003	USA	CHN	1.116109699960896	0.6767948994579949	0.4959283695694351	0.8638806841404145	0.6754181449569187	14.006560480590489
201004	USA	CHN	2.4728676097009132	0.9915017430140696	2.0245836416605973	1.3237982672589517	2.1440933032355067	7.148981505522685
201005	USA	CHN	3.1451135373813806	1.3363379623034333	2.0805990572769475	1.7396871118880954	2.3995498874718613	7.627517213021176
201006	USA	CHN	2.7561884309305915	2.4730518966599258	1.3978839707463875	2.1088726636510757	1.7829748002458594	2.1580573439161905
201007	USA	CHN	2.093881491656758	2.37138712977413	0.9876148385408725	1.8242083508937421	1.2901003649635057	2.9511041584282682
201008	USA	CHN	2.2012844956019575	2.0275397567018834	1.3952056968636721	1.5626988748122734	1.6150214592274548	1.9749275737065737
201009	USA	CHN	2.6262885781704184	0.21303654885137763	1.7304788343179367	1.6305619125814255	1.9865639135533162	3.9442319812639037
201010	USA	CHN	2.4197600380320803	0.02754117288222871	1.3144825435057501	1.7438788654858246	1.6300512236767026	5.082133693438531
201011	USA	CHN	2.330592439143521	0.22784353394079107	1.3441263990629149	1.7443612426873036	1.6164685908318923	5.4921218922499095
201012	USA	CHN	2.515264437948438	0.49464366131688664	1.5779051639822377	1.6958689595914025	1.8410870642656125	4.676977399640868
201101	USA	CHN	2.9819562684929406	2.713410422765808	1.943220463534008	1.8985540717106808	2.238106560034538	28.538689409020016
201102	USA	CHN	2.5226478977118947	2.5130063351511165	1.2748239534591628	1.9033271259993771	1.6307877536979813	1.1649068117816792
201103	USA	CHN	2.456998572625771	3.975664752431358	1.4399417364268285	1.8621272873851018	1.7174875484227867	1.1269978826778277
201104	USA	CHN	2.051127388165691	1.7491884410742464	1.0673522010535612	1.5644022214390623	1.3449313621964187	1.466838281144802
201105	USA	CHN	2.168303068840301	3.3319849140831033	1.3449549037543669	1.5445561948346238	1.571249673884666	2.3008679470455426
201106	USA	CHN	2.0421641474693946	3.0243984057516378	1.1598336386446604	1.4423264243678682	1.4107982370225196	1.8050495859797095
201107	USA	CHN	2.103585959035924	4.513026687436756	1.2676192440137997	1.4941251092535062	1.5003274168533325	6.268784471219649
201108	USA	CHN	2.11768097433033	4.443606856213126	1.2599536322103368	1.4710938723928626	1.5021559633027355	2.4205634566590066
201109	USA	CHN	2.4059688256394782	3.021718663189538	1.5366352408771262	1.5944653465420393	1.78091265947005	2.094742626549169
201110	USA	CHN	2.018952167389079	2.832970516032128	1.0215607411220335	1.5295437206854237	1.3055625392834855	1.7248386134746554
201111	USA	CHN	2.340061435387654	1.3581256623037716	1.527139691461174	1.6118634143337658	1.7491150442477619	5.9994804892208
201112	USA	CHN	2.06876488055722	1.3826288672249287	1.1096001347826143	1.4799224890704021	1.3850898836799588	2.120361103230529
201201	USA	CHN	2.097488248395006	0.08110885038055203	1.2519195331918	1.5395925974164386	1.4845728643215945	2.3050837098433945
201202	USA	CHN	2.423083914234798	1.866103078351944	1.5756735581804817	1.5615915044982398	1.8151117654931663	6.9796269914685
201203	USA	CHN	2.4095163077634227	1.8412910042994586	1.3985558775809026	1.6622516374910805	1.6870702826584805	2.2674377750936143
201204	USA	CHN	2.7222769772226654	1.8628300501888737	1.7302825183547337	1.836483127408836	2.007267334074862	3.119776820925276
201205	USA	CHN	2.8197719188042956	2.0639294005357427	1.6963345192235675	1.903549614139574	2.0163112256853797	12.791475382215387
201206	USA	CHN	2.5521555723082607	3.7886723472524264	1.3860605552573864	1.9124646013892856	1.7138152444076145	2.8288224157052153
201207	USA	CHN	2.329600131173713	3.7484722220726066	1.3011421727640498	1.7720465041978493	1.5860130425005539	2.701463840657784
201208	USA	CHN	1.8857385762332701	1.7238901641492759	0.9522719326743169	1.5042146591323862	1.2128156904889902	1.8811356636163794
201209	USA	CHN	2.0581382016825325	1.5241279324958825	1.3111907648438605	1.4382798780095063	1.5160109010389748	5.346207364038774
201210	USA	CHN	1.6547468831144139	1.523922683711079	0.8136384417244469	1.2609623883669172	1.0540605735727862	2.018704917120771
201211	USA	CHN	2.1454209245267224	3.198682177382057	1.4796977965946687	1.410189362869079	1.660496613995476	2.062858879841815
201212	USA	CHN	1.9027860776741916	1.8072183393148107	1.0145099067697803	1.328947357720954	1.2722848855945998	1.4694687434159308
201301	USA	CHN	2.4297050468253714	1.8412270228171341	1.6465268795570491	1.59803502596911	1.8613235783172548	1.1568686707148315
201302	USA	CHN	2.1042130768129117	0.16459758818320022	1.09759175844696	1.5073302850531913	1.3883823912477193	2.3744741462104817
201303	USA	CHN	2.108713412010995	0.0479179765085832	1.2481394361131608	1.5777473205942874	1.483535992217888	2.0248683441062783
201304	USA	CHN	2.842238935628676	0.014584700219217194	1.9949080997560653	1.7020612691149584	2.2342654238792683	8.581634161984045
201305	USA	CHN	2.5425602169551302	0.25164752236693877	1.3395004710687113	1.8018237567161643	1.6876698540513368	4.21929914670551
201306	USA	CHN	2.1576401837528967	1.6415677923956986	1.1149591689111784	1.7741536171916525	1.4005255736443527	21.84240875789192
201307	USA	CHN	2.3602914247261784	1.6407876989987737	1.5150339068481815	1.61227826453791	1.7486393659180404	5.232301560552468
201308	USA	CHN	2.2449309899773278	2.9675031715761206	1.274563190433926	1.5670250173073077	1.5519101123595302	1.8878236973319704
201309	USA	CHN	2.6609817492455363	1.5640955126709577	1.738966426275701	1.765303407680303	1.9953607447633381	2.5612188241581144
201310	USA	CHN	2.2701915723096575	1.5643753815617807	1.1684702467398056	1.677094315827456	1.4840120903595	2.2998550092437857
201311	USA	CHN	2.4634631494932697	1.8038523203942705	1.5429127145878088	1.7580046940211371	1.7946412469405735	4.58286196408081
201312	USA	CHN	2.0713336316530695	1.8008561653577535	1.0698284329881367	1.5446901225318344	1.3554170302954296	7.647060840492062
201401	USA	CHN	1.889416807865827	1.810756725126716	1.0519806395994538	1.4771301536320909	1.2813321836602691	2.7219356161879666
201402	USA	CHN	1.9961526887082472	0.009353792008371548	1.2455173355545686	1.3640557952233463	1.4554181717143406	5.199916549798316
201403	USA	CHN	2.2177901959043287	0.20129279016584006	1.3962291265704143	1.4553878986171247	1.6294133404767648	3.615330055662851
201404	USA	CHN	2.2631129909348764	0.2194964394197966	1.3408203596563553	1.5623789817925156	1.6023054331864413	3.032453595043727
201405	USA	CHN	1.246728534328624	0.28453044100093344	0.31594120779742346	1.269604168776988	0.5770937326677573	5.503333313426523
201406	USA	CHN	1.523547468818842	0.09439056030566247	1.066182868056493	1.1200743431635176	1.1808238636363546	1.893059492590475
201407	USA	CHN	1.7256266110820724	1.3687350525700448	1.1146933193153177	1.0174751805541042	1.294507945358201	3.076063095494648
201408	USA	CHN	1.675735797590394	1.3121989443336037	0.9400563479090998	1.207875288189881	1.1482940555750876	2.0374038368345793
201409	USA	CHN	2.0511841052732693	1.5047046196396572	1.3688856190760252	1.3338042825819378	1.5586108468125244	1.6852874139959748
201410	USA	CHN	2.0685542063909192	0.38758421653006675	1.2156694285996896	1.3892512256812954	1.460848774656274	1.7326531318537841
201411	USA	CHN	2.6193785241830843	2.3874083618573496	1.7619786855724187	1.673672038824214	2.001556495003843	6.254148356682837
201412	USA	CHN	2.4898487955631863	3.9133762963620065	1.3962380398145087	1.7244071495953728	1.7108161791260013	1.8815046187309625
201501	USA	CHN	2.5287040986531637	3.926900865371268	1.503396063492151	1.8333045149640486	1.7875408707623015	1.912370761365463
201502	USA	CHN	2.3176771720154186	1.9185334705226536	1.2921504905305365	1.693227515922055	1.5813254978778626	1.9239535016118832
201503	USA	CHN	2.3545616665450213	0.3993787174013977	1.414377754771744	1.6815383061898583	1.6757485499294105	0.9285010224470974
201504	USA	CHN	2.2964310620032107	1.8151892017392095	1.337746218151302	1.6218181132241882	1.6083802918652914	1.3564537270836043
201505	USA	CHN	1.9211951762997264	1.8270681795305266	0.9820491837365009	1.509711552166472	1.2450058147047143	2.2369126375475603
201506	USA	CHN	1.9778420127220886	1.649267843376941	1.2134420650930264	1.4255615608811734	1.4232985760735142	3.178666066614951
201507	USA	CHN	2.339303845959719	0.034934388471725177	1.536841805693843	1.477673708726934	1.7647167354025735	2.019712987752969
201508	USA	CHN	2.0209340902979913	0.022369286213612408	1.0404542952439322	1.502855704425948	1.3205518018017568	2.310782510892762
201509	USA	CHN	2.204207833834931	1.6114787158849004	1.386359891748101	1.5651365171019078	1.6101410141013937	12.863161492335827
201510	USA	CHN	2.0718493314017756	1.7750832264999674	1.1746153684722938	1.4537718904211268	1.43062285536023	2.8895990766928157
201511	USA	CHN	2.107016160352849	1.7754213901545441	1.2572804083457305	1.5114544196137125	1.4935993893795139	2.349003955970192
201512	USA	CHN	2.2440865504302367	1.799329934333649	1.3870603781704256	1.5176429704687868	1.628706666666617	1.6855682005767645
201601	USA	CHN	2.298839221897707	1.6359246289138698	1.3722786180930606	1.5855810227697236	1.6344370122630403	2.1441458350997538
201602	USA	CHN	1.9359975253230484	1.636317070739646	0.9905596365630613	1.5064720575009558	1.2562724935732101	5.001314297735039
201603	USA	CHN	2.0105192777564715	1.4556254611025337	1.2378185864662248	1.4468389460717865	1.4498073323791087	2.1360058373625175
201604	USA	CHN	1.986388722921122	1.4784129174793117	1.1704147143880406	1.3694573218810142	1.402292139690724	2.142880700351563
201605	USA	CHN	1.82231051268518	2.715693445858877	1.0048505621405606	1.3619951802932444	1.2338860688098996	1.9485034501841862
201606	USA	CHN	1.764334614126577	1.2575490723470146	1.029820399135092	1.290031524533025	1.2339163650984515	2.3846004081977497
201607	USA	CHN	1.5727603490826576	1.3242635995564813	0.8584864310430564	1.1756585201744394	1.0591731266149673	1.5066744890417207
201608	USA	CHN	1.7749236311475811	1.4094366601474453	1.1407833821326596	1.2032271782322113	1.3165920429832152	1.2472998850898367
201609	USA	CHN	2.117796707694985	1.4118706430929366	1.3866204116718115	1.3237672013745145	1.5955364345253613	3.304995248046859
201610	USA	CHN	2.190025637310387	2.8821843531311826	1.2999655799104795	1.4886473294107387	1.5538135107236395	1.5998730110520774
201611	USA	CHN	2.361739369676922	3.2767138488586656	1.4572648304429723	1.6200588987234898	1.7108267509214694	2.6541440047046088
201612	USA	CHN	1.8964182488330403	3.2765635347805566	0.9249553947429419	1.4882220793066814	1.2000259762749346	5.516075089776524
201701	USA	CHN	1.862264236924523	1.884088834462369	1.1061708283801786	1.4075175851297275	1.3117000281927784	3.3336888295383953
201702	USA	CHN	1.8845658076730842	0.2954140246076967	1.1386926252933942	1.287164414971226	1.349767240445965	2.6543013159466757
201703	USA	CHN	1.9437304789134477	0.4424399011435744	1.1669686257609957	1.3490646218813245	1.3857265970052302	2.1763210961896284
201704	USA	CHN	2.169820542955676	0.2750982585854732	1.3719893738327884	1.444044143427065	1.5966385928300002	7.666865154480724
201705	USA	CHN	2.4089691483406517	0.14679502696897534	1.51008883092739	1.5826200743761536	1.76549503329323	2.5093964622190645
201706	USA	CHN	2.3855934195616917	1.673241306190094	1.3839091005144406	1.6765882120365936	1.6676310099865506	3.3110578462150007
201707	USA	CHN	1.706657095026058	2.6783544119200484	0.7295448959092108	1.478627468716022	1.002756362868285	3.2806852586561837
201708	USA	CHN	1.2681440518042115	2.727409142915444	0.607713709643805	1.1515563063904615	0.7842815463165488	2.1633077541828785
201709	USA	CHN	1.7449019885399062	1.0526461146512123	1.2646287217260155	1.061217553372666	1.3966147509331643	1.8925343637034648
201710	USA	CHN	2.192434240882601	0.2538638765660242	1.457620700313207	1.2844180069423008	1.6723577235771891	1.4495558010281901
201711	USA	CHN	2.568453244950478	2.110797803054637	1.6335385888215121	1.656306099153232	1.8999458229493424	3.211627384909642
201712	USA	CHN	2.2519748242670063	2.114249851299622	1.1795245875855884	1.6854089917638417	1.483923428764994	1.4647850289603213
201801	USA	CHN	1.724516192208797	1.9073654055722893	0.8154819660511359	1.4830443569365996	1.0652638190954622	1.3127162321763046
201802	USA	CHN	1.5929646623419895	0.10271328080814376	0.9259628808350645	1.2189645231982744	1.107706321734367	1.2207388375952952
201803	USA	CHN	1.9664212950708817	1.6144335267828438	1.330307539505954	1.2275258528221256	1.5096074176365477	3.7973736378455327
201804	USA	CHN	2.2363014618793455	1.8420184779749527	1.4107711595293573	1.4218215959450566	1.6481510484642554	5.377257650844119
201805	USA	CHN	2.448167094304233	1.7409821920105935	1.5107640050671511	1.6445912315090734	1.7760152284264175	8.031308547821764
201806	USA	CHN	2.132994208687252	0.4060211469551867	1.1202899235186308	1.6102400175447762	1.4065537757436561	4.889721417946401
201807	USA	CHN	1.8767676428517732	0.1781155675371758	1.0181202949529264	1.4789812552977466	1.2543747617231664	4.817746617827043
201808	USA	CHN	1.5632057524344176	0.32176435914276097	0.818782868633773	1.2289369278930846	1.0258822462124315	5.549153563792026
201809	USA	CHN	1.222600043421572	0.14432903712398013	0.6012664737991348	1.0176690414229201	0.7727501163331624	5.523899460943759
201810	USA	CHN	1.2274615028926217	0.14514725341935864	0.7496952050786256	0.8930468659465616	0.8805082352940907	4.511224696912365
201811	USA	CHN	1.4665314544230053	0.012736998633963109	0.9697914343219997	0.9213578807368211	1.1108152905832103	3.602333797296036
201812	USA	CHN	1.0747022084543059	0.6480313717354301	0.45938322469463	0.8755680910012416	0.6353807471264235	8.32543729454125
201901	USA	CHN	1.4043829778246482	0.6480880264572403	0.9793994291550774	0.9461908174140209	1.0923764145324286	5.339958434193578
201902	USA	CHN	1.6477954762670015	1.8789333767692473	1.070414040144579	0.9888582699987127	1.238817648337286	4.1814077459224785
201903	USA	CHN	1.5123739339911848	1.242370639564844	0.8128716456571526	1.114193939323908	1.011387755102009	3.6624373097830794
201904	USA	CHN	1.551856558947215	1.2456335573547956	0.9390412215747829	1.119450435726696	1.1081459037407932	3.0911162243739545
201905	USA	CHN	1.367921653482971	0.0017597463747473926	0.7380859773297466	1.0119633444183038	0.9163563744121092	14.09428521852801
201906	USA	CHN	1.2667749552439767	0.8705889130931005	0.7132569286932797	0.9635617712890564	0.8661830357142668	6.948670796033335
201907	USA	CHN	1.5266832216880601	0.8833520717793091	1.019241224896577	0.9812252893425398	1.1611364579012438	4.693691663458804
201908	USA	CHN	1.405159276941582	0.8920695020661824	0.76848587867003	0.9928922929542837	0.9513573852473405	6.850642655417137
201909	USA	CHN	1.5759951481860281	1.1878147803710217	1.0000524736787408	1.0905099083080338	1.159035881775517	4.958790613734017
201910	USA	CHN	1.940831821599853	1.1717173320992607	1.294877832979748	1.196523340823583	1.4791767554478914	4.529078747517954
201911	USA	CHN	2.0126905757970706	1.164503044699545	1.194942382240671	1.3557476213078685	1.4290302267001975	3.860259287642823
201912	USA	CHN	1.8047073677683212	0.1483496368821912	0.9714530615524153	1.3710325460705608	1.204890656063593	3.856368289963778
202001	USA	CHN	1.6446562896087407	0.14841953283513865	0.9202235928892464	1.2515514230803197	1.1207333864771685	12.952477764512631
202002	USA	CHN	0.9900238490259479	0.6636736803166026	0.33114296320303993	0.9469172702847298	0.5151277683134281	17.033054553001858
202003	USA	CHN	0.9196715776620199	0.5494569338059494	0.5486432398734178	0.7601872301393016	0.6447005356273083	8.459525466692774
202004	USA	CHN	0.9163521850006109	0.6127484383341368	0.5587378904006577	0.6069318339929073	0.6609671980379854	12.943365735548593
202005	USA	CHN	0.4812789260295788	0.08241114677841388	0.10062102302351872	0.5044868085620602	0.20779269202088682	14.958855547053052
202006	USA	CHN	0.48836744733101817	0.048206867981214784	0.31357914691301364	0.40844026626456725	0.3565609087348297	4.964300241483369
202007	USA	CHN	-0.35087971355486247	-0.015191730871673106	-0.5393898941110883	0.02664671946020551	-0.4844134423751	16.276528888542067
202008	USA	CHN	-0.20819858527733284	-0.0924026382010328	-0.0289299693539631	-0.07284074302676065	-0.09066969544001166	11.786996017456497
202009	USA	CHN	0.004178897534870107	-0.10181642245237063	0.10402043656335816	-0.16459687360276987	0.0812925170068021	7.567075799365972
202010	USA	CHN	0.6541378567366845	-0.10171132790681672	0.6277619191929354	0.20937356560017642	0.6374978752337388	5.035009097292266
202011	USA	CHN	0.8498108766611769	0.029763686295625844	0.5476770715974075	0.45295916275846376	0.6400870960348506	3.022761737464601
202012	USA	CHN	0.7163370914524393	0.06532806308228227	0.3461210744764793	0.5759196542541162	0.4501739914937593	5.821072320072392
202101	USA	CHN	0.5754101011992779	0.07634737129800502	0.29197689760222373	0.48643498782514943	0.3690438759468383	3.920524234735894
202102	USA	CHN	0.9280477804792872	0.8060949247714979	0.7046617182418552	0.5285154427725484	0.7663284608770474	2.9145591057139377
202103	USA	CHN	0.7373332806868722	0.759977108716491	0.34150987870578303	0.5311556308992679	0.45809455587391784	11.734438009093324
202104	USA	CHN	0.7525834585840285	1.2816896587431506	0.45033483780560923	0.5851704704062681	0.5310883944678391	3.5883166603443764
202105	USA	CHN	0.9865630846135797	0.5061223653668141	0.6879107412795697	0.5873305609426369	0.7728087324861539	2.995778098959683
202106	USA	CHN	1.0496852735474425	0.5260787541697557	0.6314009294337998	0.6853633273407502	0.7521928550682578	4.173620893273817
202107	USA	CHN	0.6897608752295356	-0.006649959818204792	0.2518592854321793	0.6332057744544232	0.37461573580885776	4.437555441482446
202108	USA	CHN	1.2207234059603316	0.012770667790598742	0.9584582911394253	0.7179496046936774	1.0270402232039166	2.040682770635736
202109	USA	CHN	1.1710578131891871	0.8239931039419318	0.655001774787443	0.7368245210759555	0.808817604215092	3.336962142024167
202110	USA	CHN	1.250960809897377	0.8224885165779937	0.7565146791731441	0.9094480102999881	0.8924862034809558	4.483094698159435
202111	USA	CHN	1.4495363465772375	1.8997052126713014	0.9429653907036614	0.9292431585080481	1.0864256678280964	5.618210169507009
202112	USA	CHN	1.0451892217327232	1.0828680671348117	0.43961473812964846	0.8637648369376832	0.6123826395039974	3.721451556070028
202201	USA	CHN	0.9662977405287917	1.7522543319673491	0.5547944712548762	0.7876036956800773	0.6640027797081383	1.61547013385887
202202	USA	CHN	0.9802522123949052	0.6612040473070281	0.6020890624953379	0.6618077506668553	0.7090378327884302	1.6867112373256576
202203	USA	CHN	1.1742783484515278	0.7220137559473513	0.7692537547974627	0.7522337443643923	0.8836606205966082	2.8186759926993066
202204	USA	CHN	1.372980105119503	0.05271224546819493	0.88245707355024	0.8717789170857934	1.0226382978723418	1.9505145059230127
202205	USA	CHN	0.8990712348261969	0.041426236172999925	0.32381111476792407	0.7978724889520179	0.4873185483871037	1.8869271596634343
202206	USA	CHN	0.8527193674647604	0.000559944925145143	0.5062422401061956	0.7021029093473166	0.596351881782504	1.5138496941111867
202207	USA	CHN	1.262812165697338	0.0019583568159040497	0.9307151950192136	0.7030559058974055	1.025497287522609	2.5231830060239733
202208	USA	CHN	1.2020030121306333	0.09079267463728857	0.6599863679345602	0.8133087589892981	0.8180771076627814	4.527883881028008
202209	USA	CHN	1.4361180313865427	1.1567618826864376	0.9376110578191165	0.9728146672113182	1.074869606448564	1.5628024095347957
202210	USA	CHN	1.1905365107372898	1.2296368434492715	0.5992108198149747	0.8872572998919099	0.7688251855643843	1.6286178988040176
202211	USA	CHN	1.4580048148606441	1.1517058319549818	0.9761467840345494	0.9836962584467432	1.1073939833272815	4.501638150719162
202212	USA	CHN	1.0930039139177126	0.0686351117714159	0.49268605845777463	0.8473839462682887	0.6659326699132004	2.5460450703915622
202301	USA	CHN	0.8655228431919985	-0.015550378782025186	0.42693965208978113	0.7725078991918242	0.5441970443349905	3.023024346039191
202302	USA	CHN	0.37051987889114557	-0.06332733524463156	0.040859222996507044	0.44732203684833216	0.13183639629680532	8.039878360749036
202303	USA	CHN	0.6554287627262205	-0.06100740197965587	0.5295179884893296	0.4117840566146227	0.5593187292120722	5.926775020395526
202304	USA	CHN	0.9176213248128073	-0.05029954701234902	0.6452615943940918	0.472906899487298	0.7275655729530165	4.848149381593646
202305	USA	CHN	1.1374865695564609	0.8717447436516511	0.736555493733503	0.7127875210115496	0.8514782608695605	3.250103087434402
200003	CHN	USA	1.6639566011915994	1.608775387866936	1.042918134037019	1.2651186112805473	1.2071713147410343	4.957380094091932
200004	CHN	USA	1.3779866899346909	1.335837642000502	0.7142646031491044	1.009136616492583	0.9046908315565031	4.492557443156453
200005	CHN	USA	2.179791274063651	1.4660892164933297	1.6197132878255194	1.2949493094293523	1.772985781990519	3.1730992621928626
200006	CHN	USA	1.8205881133020654	0.2418712668148604	0.8986890614139931	1.2823761035583197	1.1694516971279367	1.5920416679633436
200007	CHN	USA	1.4305472586685044	0.2572631378441643	0.6809993616962696	1.275291020646847	0.8834355828220852	3.2522844612045314
200008	CHN	USA	1.6353708540178127	0.16419773412034713	1.0895770693584954	1.0973153678264767	1.2390588235294078	2.592352052838441
200009	CHN	USA	1.8408707031474845	0.15916771895023213	1.1663871165503386	1.1610655824962042	1.3607023411371197	4.636754451231724
200010	CHN	USA	2.9333814173739987	2.530932524670006	2.160341277599592	1.6596482793786376	2.3791836734693854	0.39075760383612734
200011	CHN	USA	3.014000515160739	2.748176230317753	1.7592544051642327	1.955150785882858	2.125566343042069	0.8313364381340628
200012	CHN	USA	2.106267904205678	4.049458093471422	0.8453380885683728	1.9003121523964737	1.1961864406779663	0.6090950259599957
200101	CHN	USA	1.8552124893880664	3.021750949066307	1.050999180509178	1.5287137576428895	1.2643884892086332	0.6631439289523958
200102	CHN	USA	1.3184117247209803	3.4359194071329315	0.5946974121159181	1.0865110877399775	0.7989583333333328	1.1569645633169197
200103	CHN	USA	1.6833881132356783	2.135832429677174	1.1649175820673583	1.1225477593220816	1.3042964554242789	13.749561958143474
200104	CHN	USA	1.524807916293067	0.7763832758486794	0.8305664031009299	1.0452373724649486	1.0324573286372336	496.6259667069533
200105	CHN	USA	0.9330252161889869	0.05944754592798296	0.30267223143758637	0.9376192267218023	0.4761038961038944	20.86389733660971
200106	CHN	USA	1.9320382984382147	0.06062950353864745	1.5895232802935384	1.0622655062862574	1.6782352941176442	2.009007772091967
200107	CHN	USA	1.5220766262535252	0.06117013268902275	0.6951763147223645	1.0327002763184137	0.9437616387337021	21.950994929810076
200108	CHN	USA	1.7420853458990933	0.17901954180574767	1.107434628902597	1.299271704889842	1.27581818181818	4.267421186048333
200109	CHN	USA	2.059834030977849	0.181150627532904	1.36123717716459	1.2605295180587779	1.5620087336244517	8.794567306094631
200110	CHN	USA	2.3814540215329445	0.3723245328107758	1.511673650480903	1.532582862153636	1.7599216710182761	4.1094188930330775
200111	CHN	USA	2.669768221753175	2.280592439292496	1.6748047803380843	1.7596538848809091	1.9570312499999996	0.23485983397717905
200112	CHN	USA	2.579055972600569	2.533173894160069	1.4698950261392292	1.8337163687681255	1.7841961852861012	0.9518937826790111
200201	CHN	USA	2.5866644700022	2.3659940059470914	1.5330593865985056	1.855992135493171	1.8267489711934117	2.0099173239797454
200202	CHN	USA	3.0513484803695965	0.5558104761706322	1.9990155396008045	1.968735090695483	2.2952601156069368	15.502268775838724
200203	CHN	USA	1.0931772952601115	0.43555208836897236	-0.1791328485445006	1.435562168718396	0.18467741935483953	1.475110898544405
200204	CHN	USA	2.2925155112976996	0.6590789057367142	1.9317715450215147	1.494842302314149	2.0045893719806704	2.2290135795040804
200205	CHN	USA	2.4116768863994187	0.3871469439278118	1.4701603257183282	1.316189705638967	1.7593023255813909	2.1705642306332873
200206	CHN	USA	2.3457439049829887	0.40855443420481113	1.2978353414308517	1.7842788070600506	1.5889447236180907	0.35576726183366786
200207	CHN	USA	2.21786454820305	0.16048667254039717	1.277582705336815	1.629237641523467	1.53946587537092	1.1368963659831448
200208	CHN	USA	2.3265422856915734	0.3859495567144491	1.4294403620364435	1.603078852563691	1.680825958702062	1.2168667561770166
200209	CHN	USA	1.8552929107276546	0.22684152211984399	0.8993140203483287	1.463371439760027	1.1698224852070995	1.2989400856059983
200210	CHN	USA	2.525532947003513	0.42557036954314437	1.7868990644330507	1.6127228146363872	1.9875200000000004	10.492173178779158
200211	CHN	USA	2.590832872941325	0.4329095299759448	1.5386609781191718	1.667561366704643	1.845341614906829	0.775318965848346
200212	CHN	USA	2.850962931070586	0.44392035597329726	1.765649650751702	1.9671747631858416	2.068662674650695	2.9283564223021488
200301	CHN	USA	2.4636619547036274	0.2785431895778962	1.29303334332785	1.8463211688410874	1.6249592169657383	2.8724510615511964
200302	CHN	USA	2.002672948998368	1.3288334645266024	1.0086680906119554	1.6585237833667286	1.2819494584837527	2.4203373879318812
200303	CHN	USA	1.043957554731289	1.3404974482400744	0.2606212920185029	1.1276607650271313	0.4760736196319027	0.8000902086814601
200304	CHN	USA	3.0728746723839793	1.3071763657660858	2.700367131404545	1.5173850358185044	2.7941320293398575	5.372262404614808
200305	CHN	USA	3.066332348700281	0.40113561940412173	1.7276850296688129	1.8017828353715377	2.1351428571428537	0.5401947815023022
200306	CHN	USA	3.779655163825584	0.8372146223257869	2.4644277345730714	2.584775130511072	2.825050505050505	1.804506654415208
200307	CHN	USA	3.9281972252229136	0.8379263878627297	2.3758344967398655	2.593838963868375	2.821323529411767	3.254081779044023
200308	CHN	USA	4.074685887421673	0.5423809142836838	2.441057188431177	2.848791344820757	2.8999999999999986	5.825588686893667
200309	CHN	USA	3.6501862518734516	2.6070220363368826	1.9809247380390724	2.7241056356317372	2.4509933774834454	2.6644284504012234
200310	CHN	USA	3.2727733097089455	4.877782742312922	1.799963980649852	2.5195648423029118	2.207701149425291	6.197621705598491
200311	CHN	USA	3.6041601100118115	7.551830869461606	2.296926692290829	2.4398729655522122	2.6609243697479017	6.207146620156345
200312	CHN	USA	3.0959917247878925	5.285186942669599	1.6101707190146368	2.300796320011138	2.0337634408602216	11.343002281680608
200401	CHN	USA	2.598496161545462	3.2656142841499514	1.3457822489340945	2.1279863552229497	1.6892712550607263	2.007370909824545
200402	CHN	USA	3.0854024519233936	0.8911647281770766	2.066101398797675	2.0236221095246685	2.3478316326530577	8.475052658119107
200403	CHN	USA	2.54492930926256	0.636591335637447	1.2650442875663854	1.8902185064309098	1.6335526315789455	2.3220556239937125
200404	CHN	USA	2.4938218206807297	0.38468144682880206	1.4623003807545265	1.9079494074307632	1.7424639580602868	4.780442117611571
200405	CHN	USA	2.140370747980156	0.03180626615485687	1.1448088385764692	1.6006721965464106	1.4259999999999993	0.8944916176033859
200406	CHN	USA	2.453378679507738	1.9044392382003945	1.589848495920177	1.6655518158073281	1.828191489361698	1.840265438661634
200407	CHN	USA	1.8278456535659005	2.9716494287416104	0.8179314131091044	1.4537707441319174	1.1071207430340548	1.8790898865055339
200408	CHN	USA	1.2775915189781524	3.785813488855661	0.5499890322045627	1.2266607610523914	0.7446700507614216	0.6294571937084182
200409	CHN	USA	2.167695792210839	1.971630264517208	1.6930364721971298	1.2244297217103266	1.8214983713355035	1.134555607088706
200410	CHN	USA	3.2131931358817174	0.9925314395478587	2.2882918852321	1.7096287307105884	2.56271777003484	1.2877487207592224
200411	CHN	USA	3.2067782939059146	0.475491641289569	1.8124434618693988	2.1994806942643126	2.214225941422594	0.4319020651531166
200412	CHN	USA	2.576730120605735	0.6608207343798617	1.2530673430538841	2.132400777382363	1.620258620689654	0.9565869783350232
200501	CHN	USA	2.796607428484231	0.6472424434905163	1.7872513774792071	1.9657662108213358	2.062814070351759	0.5772629675669894
200502	CHN	USA	2.608131929492923	0.3723177360165615	1.4672562121293045	1.8256198910966444	1.79378698224852	2.5135428522046843
200503	CHN	USA	2.4909179614895343	0.16848218199524367	1.4201920398929992	1.8579974523160343	1.7173913043478235	3.069871726542905
200504	CHN	USA	2.7848184549519783	2.3462842108749693	1.7814834952593737	1.857843742590938	2.0623529411764707	0.351634474205707
200505	CHN	USA	2.1630428285438796	2.487668274623061	1.0106964415370616	1.7062915601023	1.3391304347826063	2.597417827788107
200506	CHN	USA	2.4217055199141067	2.5035037526432036	1.5595407164219093	1.731161125319692	1.7919999999999991	1.362239990407862
200507	CHN	USA	2.789229563816794	0.5565562450124715	1.8063605523924844	1.739922266139655	2.08863636363636	5.895289717523281
200508	CHN	USA	3.4007959224053677	0.7612892989003268	2.2274227637036397	2.1472491582491564	2.5611111111111096	6.568184458415859
200509	CHN	USA	3.2945865415901907	3.0519863877328683	1.8688598491728754	2.3085253115954854	2.2758284600389866	7.458967134528205
200510	CHN	USA	3.4662065963300375	5.332001568741674	2.114486114122485	2.4424516355377843	2.4904153354632568	2.08781834156552
200511	CHN	USA	3.604658202207643	5.341307425353698	2.1888390329132172	2.451926891239456	2.5895368782161245	9.15226158399237
200512	CHN	USA	2.292699770337603	3.017629380474339	0.8056150712658008	2.101575662818052	1.2247747747747753	0.6403528931092977
200601	CHN	USA	3.0535142259751606	0.4328114794900801	2.1803885805337595	2.073854800081215	2.407252747252745	4.709438997255042
200602	CHN	USA	3.035086057031737	0.032611546476199384	1.7838154620948192	1.9277986476933828	2.151368421052628	3.213766517175923
200603	CHN	USA	2.7424618458080623	0.2636693564919916	1.4663233215191482	2.1266784365731723	1.8214141414141432	5.814150425325831
200604	CHN	USA	2.8652203634433406	2.3520445571189232	1.7711741886817922	2.0156281196246595	2.074101796407206	25.68953551127642
200605	CHN	USA	2.966548963559	2.353430378097852	1.7963037251655767	2.0080116365565246	2.1285189718482247	3.4791501526029505
200606	CHN	USA	3.1290885393164314	4.381599837399536	1.90349683115661	2.1504007761797066	2.2485815602836894	3.2374185760319927
200607	CHN	USA	3.5607393501117595	2.292639924466114	2.273542143874239	2.337974687181228	2.63682352941177	3.5262635800380986
200608	CHN	USA	3.083118307971061	2.2838231153037634	1.6034332711054051	2.3032761425172112	2.024423337856174	1.6215902306524055
200609	CHN	USA	2.6389599658112894	0.0290842201210287	1.3934280348584038	2.132115203511816	1.7350987432675042	4.226957298805182
200610	CHN	USA	3.2099793079003685	0.38942537172500374	2.1707850857894977	2.072790885278774	2.458850574712645	5.445345447620576
200611	CHN	USA	3.3421340717394816	0.44184984812116423	2.005824052795704	2.195005563727427	2.391067373202133	5.282126670590251
200612	CHN	USA	3.4790339783217608	2.928551302083067	2.086763758879352	2.442314991647271	2.4770270270270367	7.649809025927294
200701	CHN	USA	3.309584456220895	2.568018963505545	1.8860453909592914	2.385089132003254	2.287172995780592	4.348074537837382
200702	CHN	USA	2.913324545075987	2.7683993868426344	1.5665142437949835	2.2355180860770587	1.9423542354235477	2.477352108291544
200703	CHN	USA	2.736639021033436	2.182110211404154	1.5707964648362933	2.041074203992728	1.8936953807740449	6.015470065510235
200704	CHN	USA	2.2858833339663023	2.1818411435453013	1.1838270835713773	1.7762861556143195	1.4928088506453658	3.0221616375432916
200705	CHN	USA	2.742927388467247	4.033001355501757	1.8305700450111553	1.8226648246265018	2.081490242460095	3.725241441247182
200706	CHN	USA	2.4018262517943194	2.104995074205694	1.2677140134210747	1.7228731501587473	1.5943203573707805	3.0170026848205636
200707	CHN	USA	2.59222675473146	2.112555582976914	1.610730117480758	1.8519066551299324	1.8799093655589214	2.568463638797635
200708	CHN	USA	2.3541205611377976	0.22854979207767934	1.3002446017559988	1.6914795697818643	1.6002089864158908	1.9561642671385422
200709	CHN	USA	2.8564833009653463	2.4154980746484394	1.8965302596137417	1.8808600678166336	2.1624618514750886	5.537882864144314
200710	CHN	USA	2.0813221050255204	2.5597034754613754	0.8971592476212138	1.6667138546287694	1.2374707259953288	5.197589997851995
200711	CHN	USA	2.1734160686749884	2.5600587993841777	1.3458323503270804	1.65525995260172	1.5658472803347419	4.308415800889226
200712	CHN	USA	2.6003640410157542	0.4311018296854071	1.7334353578941508	1.5949235291208315	1.9814525810324244	4.6281018116576895
200801	CHN	USA	3.029383842410467	2.550587490685246	1.9323645832009193	1.931169550858659	2.246208791208811	2.5586014242593302
200802	CHN	USA	1.942752398966658	2.3276187532902384	0.6743310139352812	1.7539849750177687	1.034293552812071	3.991618955983692
200803	CHN	USA	2.1825697127561794	3.9299191931697806	1.4380908791571942	1.6371262793482668	1.6308764940239184	3.9919010971500044
200804	CHN	USA	1.896026670175895	1.8132549138337872	1.023711675798838	1.3140129771253735	1.276868884540131	5.472331080800653
200805	CHN	USA	2.7850648412841097	1.8141440735890728	2.003346860975554	1.7086470585304099	2.2181957970271804	2.1766573524265
200806	CHN	USA	2.884735597241808	0.4317943428782315	1.7139012321545033	1.8502194296244205	2.0555936073059504	2.3447495225988786
200807	CHN	USA	2.476972919678061	0.4819965015623791	1.2674946310300206	1.9596356566772066	1.6051175656984886	1.3581468562985533
200808	CHN	USA	1.5701630491959433	0.4975509583797176	0.5868293954638429	1.5059107064915231	0.8570209464701299	1.5827945334805242
200809	CHN	USA	2.653731013968207	0.22973895190740415	2.0676534760346783	1.561447983411697	2.2222054380664726	1.8036892500860922
200810	CHN	USA	2.067877210751768	0.19506966105858856	0.9456991161270342	1.452892813110376	1.2794520547945256	1.4025698382443317
200811	CHN	USA	2.7690001491616405	0.481902835639839	1.9149784195811335	1.881279611067555	2.142181340341667	1.7052807710970317
200812	CHN	USA	2.9308245599031344	2.622601881231029	1.79453977453918	1.8490318433002244	2.1254621347644806	2.0201214734722113
200901	CHN	USA	2.4536309310110433	2.4590864306542466	1.2212531656539214	1.9449753764843578	1.5672826543469254	2.3156666522640164
200902	CHN	USA	3.001193114987704	4.4682751012417175	2.0268074806024963	1.9952577993738645	2.2930286090101877	5.061096710561687
200903	CHN	USA	2.22833944683268	3.6713646875806587	0.9882586754391098	1.7356010434383704	1.346491866957998	8.61086332602473
200904	CHN	USA	2.444458029631875	5.474707443156851	1.5511739180995545	1.8096258432170245	1.789357053682887	3.152401516145678
200905	CHN	USA	2.7708696493033376	3.4527611276228294	1.7883273348933706	1.7354083331852708	2.070376078914927	4.098169377527463
200906	CHN	USA	2.443783848665093	2.102136929101529	1.279102730220505	1.8232902912148834	1.6101377410468365	6.479374155385086
200907	CHN	USA	2.6525688585329026	2.2526297789274294	1.6651550633399208	1.8722916032575114	1.9363609898107708	8.005260418601905
200908	CHN	USA	2.494399329324897	2.2063150104463056	1.412732278469627	1.7558510586892693	1.7210544452102006	1.7197530652619248
200909	CHN	USA	2.928965275956647	2.203277602182367	1.906803028825646	1.9494998031981237	2.1910839745733997	10.673529677882016
200910	CHN	USA	3.245893183822926	0.304345567970957	2.034070132262116	2.097681522883622	2.380906148867265	6.101270150614512
200911	CHN	USA	3.167735195850505	0.34672679492276776	1.812329194971108	2.255902763093927	2.1957181658411167	28.587298965166
200912	CHN	USA	3.1156335172647323	2.5507932150969443	1.8223248881219778	2.253273388899954	2.1831958519914805	5.21944839516904
201001	CHN	USA	1.7622720181359686	3.343740382831003	0.4969786773682585	1.7437423574439872	0.8523130544993639	19.171537756337518
201002	CHN	USA	1.302511133348571	3.0580453979166093	0.649067185965625	1.2833918004896485	0.8146664949781014	38.443647352057745
201003	CHN	USA	1.2696419221340183	0.8788973564909166	0.793527916979388	0.8645900001352848	0.9267904509283891	14.006560480590489
201004	CHN	USA	2.3833446823609887	0.30051185834220906	1.8603383402862332	1.2500860349689489	2.0088011590003565	7.148981505522685
201005	CHN	USA	3.107054131045248	0.6382486555856398	2.0743521411833434	1.7715759976661456	2.379136383069692	7.627517213021176
201006	CHN	USA	2.692925860222139	2.39972490852515	1.3602546209046495	2.0425447676415476	1.7396967608545948	2.1580573439161905
201007	CHN	USA	1.7503004712057448	2.1463652752479123	0.6663362739927585	1.693693185530428	0.9622464126669978	2.9511041584282682
201008	CHN	USA	1.9684443184707745	1.8084848673551268	1.3179245094830312	1.3973762608238356	1.490185608949914	1.9749275737065737
201009	CHN	USA	2.4328750227836617	0.06320387421948483	1.633746025919745	1.4392814456884004	1.8654123154482896	3.9442319812639037
201010	CHN	USA	2.2597549898854377	1.5694229296748778	1.225051664635997	1.6254797280580469	1.5208412597759364	5.082133693438531
201011	CHN	USA	2.3137758938460666	1.5695722333395945	1.3919644804016909	1.677518667826762	1.6463024282560594	5.4921218922499095
201012	CHN	USA	2.738281420183572	1.5284674509798826	1.8003750151398086	1.7442448143874885	2.065590755130469	4.676977399640868
201101	CHN	USA	2.8986371543341383	0.23780658681702604	1.7533557607141048	1.9309009816317062	2.0808097615085903	28.538689409020016
201102	CHN	USA	2.3190950648033652	1.7023608295929562	1.1164064404320095	1.8669755611804957	1.4545261669024276	1.1649068117816792
201103	CHN	USA	2.146926656695124	1.7239721224419984	1.229621527479159	1.671406682860898	1.478884120171676	1.1269978826778277
201104	CHN	USA	2.0751571066662877	2.9616987458497155	1.2220045119776495	1.4651501851768274	1.4620402684563787	1.466838281144802
201105	CHN	USA	2.471085002082181	1.533140081667014	1.6227274739364392	1.6005944169241497	1.8608588621443947	2.3008679470455426
201106	CHN	USA	1.809095562179399	2.593881315276381	0.7798654911525928	1.465778475028659	1.074436294485204	1.8050495859797095
201107	CHN	USA	1.5963964370301023	1.2328002084040208	0.8798541467472145	1.3352797061042654	1.0705439616831973	6.268784471219649
201108	CHN	USA	1.7720102233379023	2.532661573636339	1.1518359663986073	1.1570037082106301	1.326030868463489	2.4205634566590066
201109	CHN	USA	1.8583097303524965	2.797279014542121	1.1214372156887717	1.242834128375762	1.3319275549806002	2.094742626549169
201110	CHN	USA	1.97514787522141	2.852341154933676	1.2048437387774662	1.3597702455371221	1.4213523131672767	1.7248386134746554
201111	CHN	USA	2.2354324805635604	3.178204167032893	1.4234089232416671	1.4686828421658749	1.6527686583497474	5.9994804892208
201112	CHN	USA	2.1744480401282043	3.3580425169706594	1.2455417509040534	1.5279274799186375	1.5096614682388894	2.120361103230529
201201	CHN	USA	1.8136007056700065	4.372896427001889	0.922490992109472	1.4444523642935951	1.1709269662921482	2.3050837098433945
201202	CHN	USA	2.175326302456009	2.7111388180732696	1.456771850302391	1.444889657147906	1.6540805369126808	6.9796269914685
201203	CHN	USA	2.4080109522179307	1.2133335556828908	1.5086216806148096	1.5309531885979055	1.767852062588887	2.2674377750936143
201204	CHN	USA	2.610728430330095	1.9291106486781142	1.6010546366666378	1.769403022579884	1.886276468238084	3.119776820925276
201205	CHN	USA	2.3490374736867135	2.116214762062057	1.2713709080389695	1.7432959348712451	1.5757592737867643	12.791475382215387
201206	CHN	USA	2.5763385065105324	3.9923333347328263	1.626832341104878	1.7838159222605559	1.8894120247568202	2.8288224157052153
201207	CHN	USA	2.039634462084256	2.092172355901086	0.9836329204538916	1.5832484298583214	1.2845739910313798	2.701463840657784
201208	CHN	USA	1.8434254976011657	1.9012894058629686	1.027079895583606	1.474084115815499	1.2482663316582967	1.8811356636163794
201209	CHN	USA	1.9603429006352089	-0.004534314175124637	1.233391848502103	1.3233297835891369	1.4371490280777341	5.346207364038774
201210	CHN	USA	1.7924294353746046	1.2205256189683718	0.9832234305467883	1.299517245120838	1.2131363756264832	2.018704917120771
201211	CHN	USA	2.2234064852312243	2.933856278693087	1.4942158506299994	1.4487831933965138	1.6960641764853244	2.062858879841815
201212	CHN	USA	2.3492379396543996	4.642688489880965	1.4255184318353604	1.5335940895508056	1.6915817165406093	1.4694687434159308
201301	CHN	USA	2.3410544359563112	3.635765382231775	1.3613088802350326	1.6747229346923824	1.6365229110512138	1.1568686707148315
201302	CHN	USA	2.1394395687864938	1.9514192938899988	1.1854831065618177	1.5936240135090527	1.4527674129353347	2.3744741462104817
201303	CHN	USA	2.080664122853644	0.24156176443450805	1.2175999190821916	1.5156322540668234	1.4576064382139209	2.0248683441062783
201304	CHN	USA	2.6142646455415544	0.02363675566837747	1.7710815288050825	1.639475375903043	2.0080522765598725	8.581634161984045
201305	CHN	USA	2.6902416959496223	0.004847912652842867	1.594041928078817	1.7917126271468231	1.9094791666666757	4.21929914670551
201306	CHN	USA	2.2307326835630787	0.006591042374379805	1.1135364826559842	1.7812095226676476	1.426097124776395	21.84240875789192
201307	CHN	USA	2.5278062279913915	1.9007172050328462	1.6441445910506167	1.74048769829224	1.885886803433649	5.232301560552468
201308	CHN	USA	2.2834573195014594	1.8941935884532757	1.2470723058231654	1.618820588141135	1.5444778362133615	1.8878236973319704
201309	CHN	USA	2.5411512222018113	1.8987686512439093	1.6060376004198351	1.7648401352323952	1.864155766050175	2.5612188241581144
201310	CHN	USA	2.341607352311826	1.6119085253454872	1.3009505572553746	1.6687651191828576	1.597661755285036	2.2998550092437857
201311	CHN	USA	2.342976916692355	1.6116456859522021	1.3860867211939651	1.7043846178994073	1.6513363323630101	4.58286196408081
201312	CHN	USA	2.0300549052572223	1.606896838227622	1.0806007522950911	1.5323628060170573	1.3480903304031253	7.647060840492062
201401	CHN	USA	1.8281650260363813	1.2475680479468567	1.0113241608677375	1.4120514873313113	1.2367277992277987	2.7219356161879666
201402	CHN	USA	1.9470578696737129	2.6778348247641457	1.2177592853306811	1.3353264323811989	1.421161167512673	5.199916549798316
201403	CHN	USA	2.2065106752257666	4.319161910470109	1.4060244478660804	1.4304387469636815	1.6334272741505727	3.615330055662851
201404	CHN	USA	2.19488554157619	3.25730777861815	1.2748722072637433	1.5302742695441864	1.5362343669693137	3.032453595043727
201405	CHN	USA	1.2711636736218626	1.8236635504707015	0.3701938064723896	1.2638942084605649	0.6220209842618079	5.503333313426523
201406	CHN	USA	1.4097502944188978	0.18183305552516715	0.9397284039947303	1.0725606342281273	1.0594265514532601	1.893059492590475
201407	CHN	USA	1.52507380389662	0.12181781956981458	0.9644099650731311	0.9364330498535067	1.1278516138454522	3.076063095494648
201408	CHN	USA	0.8631082656033638	0.11948035970627588	0.2184579196715321	0.8625952598373058	0.40050761421320497	2.0374038368345793
201409	CHN	USA	1.676670661758572	0.14021047303581402	1.3573510594540121	0.9885310334391028	1.4372338722586515	1.6852874139959748
201410	CHN	USA	1.984839173687708	0.01380455857359497	1.2775541634663306	1.1093455473567204	1.4902951555983046	1.7326531318537841
201411	CHN	USA	2.660332461577248	0.019961783379607658	1.8040265054162727	1.657621798149257	2.045336366590815	6.254148356682837
201412	CHN	USA	1.9800865706688793	0.012819832310451963	0.8628568349200523	1.5732988091127194	1.184264905149039	1.8815046187309625
201501	CHN	USA	2.297199970875351	0.04177263965739653	1.5081031383164132	1.649256720209567	1.7181688888888467	1.912370761365463
201502	CHN	USA	1.8881065052770558	0.12010736713740919	0.9577221388079333	1.3762603664756947	1.2263473053891991	1.9239535016118832
201503	CHN	USA	2.2616328642449806	1.8175240710354457	1.492585445975544	1.548842366963382	1.7020109066121	0.9285010224470974
201504	CHN	USA	2.3452757001120323	1.7920597258818474	1.417240141743239	1.5375920249467248	1.6844178628388748	1.3564537270836043
201505	CHN	USA	1.7599144875944355	1.8278776907278524	0.7827390648132854	1.4811608228599356	1.0570536991288313	2.2369126375475603
201506	CHN	USA	1.990379677554169	0.11755001589267082	1.3030296031612705	1.409713241134214	1.487668161434936	3.178666066614951
201507	CHN	USA	2.3638965684907567	0.11418778579207105	1.5545196057424682	1.4441570266255646	1.7877492193129267	2.019712987752969
201508	CHN	USA	2.034919244204858	-0.006289053710914837	1.0361350164083145	1.532077955662518	1.3208164862396914	2.310782510892762
201509	CHN	USA	2.4195449179666166	0.18286815492244413	1.5988054756592824	1.643885618275385	1.8230911492735367	12.863161492335827
201510	CHN	USA	1.901992582283634	1.380064204423584	0.9070677762852959	1.4457688425976845	1.1933988922798249	2.8895990766928157
201511	CHN	USA	2.0279443508769974	2.859815669856502	1.2613880911436763	1.4949131372767956	1.4682493702770254	2.349003955970192
201512	CHN	USA	1.8693869029695058	3.9608455742605333	1.052517174445983	1.3157980193266805	1.2857457954231906	1.6855682005767645
201601	CHN	USA	2.0356742845923397	4.250843822418394	1.2694445068421663	1.4120853309042118	1.4822608270124193	2.1441458350997538
201602	CHN	USA	1.6780645467588804	2.7757232619663545	0.8436626010418617	1.2829215198905877	1.0807579372361533	5.001314297735039
201603	CHN	USA	1.7905967736294053	2.7919115674425847	1.116689344945487	1.2878745956931936	1.3006050228310084	2.1360058373625175
201604	CHN	USA	1.8634499725545643	2.6527622187636295	1.1370093255536584	1.2418165726859942	1.3440867579908207	2.142880700351563
201605	CHN	USA	1.4292665566598364	2.741658252184317	0.6564441706421088	1.1729534274621043	0.8741685015644838	1.9485034501841862
201606	CHN	USA	1.3256121138370671	1.4273986438563198	0.7630648648189768	1.044340781740422	0.9147670856659615	2.3846004081977497
201607	CHN	USA	1.0827603322797483	0.12629472812319573	0.5581116061382099	0.8316681058092882	0.7060687301974194	1.5066744890417207
201608	CHN	USA	1.7304228594076094	1.4590225646547967	1.2966004850806838	1.0121678098332396	1.4156676136363378	1.2472998850898367
201609	CHN	USA	1.9940112740543332	1.4663926005273493	1.2598667357183357	1.1991557793285805	1.475730994151984	3.304995248046859
201610	CHN	USA	1.9337343014887798	1.4330435329010098	1.086701248056167	1.4056330107969928	1.3255004246026567	1.5998730110520774
201611	CHN	USA	2.204783518574623	1.657088862069067	1.419422438836993	1.4797605999291992	1.6380503810329565	2.6541440047046088
201612	CHN	USA	1.6530062154496912	1.6574125772782369	0.7423778360394765	1.3220033220026521	1.0024591603723434	5.516075089776524
201701	CHN	USA	1.5193729888582141	2.6858519668625744	0.8626366048318961	1.226357357117519	1.038562529947257	3.3336888295383953
201702	CHN	USA	1.6832240594166585	2.2991246942993255	1.0863731855075904	1.0985258416616694	1.2545558346654078	2.6543013159466757
201703	CHN	USA	1.673663783673182	3.475258532108674	0.9734161509269893	1.1554001687838298	1.1730821417388249	2.1763210961896284
201704	CHN	USA	1.8470770014648383	2.4332245696814576	1.1582157285527086	1.259432749788738	1.3506602729619814	7.666865154480724
201705	CHN	USA	1.9655740234539847	1.1759405553676634	1.2050741924564832	1.3149639810714828	1.421149528513642	2.5093964622190645
201706	CHN	USA	2.4327663675122078	0.0012583501509387152	1.6185828241271076	1.5400344003712938	1.848293399638258	3.3110578462150007
201707	CHN	USA	1.8484355920723354	0.12980159590304757	0.8298859742428706	1.4637606248871993	1.121838946509698	3.2806852586561837
201708	CHN	USA	1.2582783566230205	0.12145544562025438	0.5215084405023981	1.2296082463072353	0.7186923927737497	2.1633077541828785
201709	CHN	USA	1.8203604020505098	1.605075287921237	1.3558442877496089	1.1071457856209497	1.480906017579401	1.8925343637034648
201710	CHN	USA	2.032736132036609	1.6679351542744518	1.2671549905613682	1.2307205671641197	1.4925632911392077	1.4495558010281901
201711	CHN	USA	2.4385829562393377	3.499872258797059	1.575984385270318	1.597323902668105	1.8185023992857063	3.211627384909642
201712	CHN	USA	1.9027038349581282	2.0373083969357615	0.8892274505976909	1.4964840816822473	1.1783865546218284	1.4647850289603213
201801	CHN	USA	1.6605584568479193	1.8457578289686578	0.9014387493895955	1.367652874384848	1.1060696692470091	1.3127162321763046
201802	CHN	USA	1.7530903546800836	0.021936505936899917	1.1041219020459694	1.1899793275072579	1.2854817586529361	1.2207388375952952
201803	CHN	USA	1.9195836917915532	-0.0013799618998136761	1.1970343383349598	1.2646743759908612	1.402471700072638	3.7973736378455327
201804	CHN	USA	1.9739101444330531	1.4049554725974533	1.1761312770569707	1.363271644892509	1.4018614759519523	5.377257650844119
201805	CHN	USA	2.3065747897226307	3.1328832861749274	1.4950053961698206	1.5091177576448682	1.7230200969100138	8.031308547821764
201806	CHN	USA	2.012563046223144	4.465089658524806	1.0537835838571388	1.4841305584806486	1.3275101025799794	4.889721417946401
201807	CHN	USA	1.5416574899056803	3.1350437098568342	0.7256333214528767	1.3333633752003404	0.9495599261110286	4.817746617827043
201808	CHN	USA	1.362801623405958	1.4106098961838278	0.7676735132830201	1.0689478092352545	0.9297733990147554	5.549153563792026
201809	CHN	USA	1.2444357866406501	0.07940281923507002	0.7038378363761378	0.911597651427671	0.855459629157229	5.523899460943759
201810	CHN	USA	1.2110411236966043	0.10429597851229995	0.706903220087405	0.8775922415070433	0.8475436963491456	4.511224696912365
201811	CHN	USA	1.6739325490054615	0.10094808160558155	1.1823626089403514	1.0077910206326566	1.320369736391595	3.602333797296036
201812	CHN	USA	1.5494284621436427	0.11018584149203686	0.8419723769480916	1.0716833177313712	1.0471365204533727	8.32543729454125
201901	CHN	USA	1.8218541338575902	1.3713677264809665	1.1828361335926973	1.2420632581619278	1.3586835176408156	5.339958434193578
201902	CHN	USA	2.0055994446422396	1.3714522164078506	1.2565676251249178	1.2923507923945456	1.4712323390894482	4.1814077459224785
201903	CHN	USA	1.6801132229699807	1.476713369545591	0.841996729140022	1.3029720706847265	1.0790003553239158	3.6624373097830794
201904	CHN	USA	1.7051634921828933	0.11442108910913627	1.0333884869676908	1.2556876935972854	1.2168303863784922	3.0911162243739545
201905	CHN	USA	1.4608068836888948	0.11442109848196906	0.7729966997512506	1.0879806783843449	0.9681112934506267	14.09428521852801
201906	CHN	USA	1.2417334930936983	-9.025166231370936e-05	0.6514091638251602	0.9996161542338017	0.8139067828722857	6.948670796033335
201907	CHN	USA	1.4997886807759104	1.1494261502200267	1.010096030693126	0.9758719013533685	1.1455976277371933	4.693691663458804
201908	CHN	USA	1.1735276920579467	1.8817378841450063	0.550267669616258	0.8964572152688918	0.7298672351971963	6.850642655417137
201909	CHN	USA	1.6042466022108899	1.895031991370669	1.1317482455472612	1.0447824723654218	1.2588825541618751	4.958790613734017
201910	CHN	USA	1.7747092766519406	0.7652509281689965	1.1096041784812234	1.0974595749037037	1.30362893535204	4.529078747517954
201911	CHN	USA	1.7751051014340549	1.2758073417559863	1.0258546470984433	1.2664948898634993	1.2369731800765829	3.860259287642823
201912	CHN	USA	1.8272684712128082	2.5744349353965545	1.1032047251776727	1.282114142582622	1.3057403123192424	3.856368289963778
202001	CHN	USA	2.39022633632646	2.554742532577843	1.6426426432163534	1.4654437229172617	1.8536176763559593	12.952477764512631
202002	CHN	USA	1.9625157916736433	1.3118723385945066	0.9554047200301712	1.4683781240911846	1.2457763835983517	17.033054553001858
202003	CHN	USA	1.482747508059353	0.9057817497182094	0.6884994876588403	1.3342769058787418	0.9034366576819147	8.459525466692774
202004	CHN	USA	1.3795601115309748	0.9038879592798946	0.8154142599310104	1.0395012528183118	0.9692907171746689	12.943365735548593
202005	CHN	USA	0.6389996161818123	0.8789503900875842	0.08582625292226254	0.7049555623857334	0.24213931230061658	14.958855547053052
202006	CHN	USA	0.6215867679737188	-0.0272471895467643	0.3939650387224544	0.5531721839792866	0.4480865224625745	4.964300241483369
202007	CHN	USA	-0.35006920173972933	-0.029398461993334162	-0.584683928589263	0.0580817672709355	-0.5159805329503846	16.276528888542067
202008	CHN	USA	0.12344248699423824	-0.02268752313768717	0.3061800005493234	0.05796906516774943	0.24180120599105837	11.786996017456497
202009	CHN	USA	0.2826109763731455	0.23516264698085115	0.23377781163280564	-0.005478184160623974	0.2577447744774543	7.567075799365972
202010	CHN	USA	0.31656498418969337	0.19481047526864698	0.16928171626311966	0.23680826327452706	0.21087880935506842	5.035009097292266
202011	CHN	USA	1.0971331094266676	0.3092350101161247	0.9694250578694872	0.49109882700960034	1.0046728971962782	3.022761737464601
202012	CHN	USA	1.014377458943092	0.05173884565295631	0.5282717174310781	0.6303786062336295	0.6755841121495418	5.821072320072392
202101	CHN	USA	0.8403124174066039	0.08510876105787396	0.4096573319564423	0.7354878941637591	0.5262066731454575	3.920524234735894
202102	CHN	USA	1.1524751660840296	0.9100587157549501	0.8299041224244794	0.7067687931507115	0.9185155941571349	2.9145591057139377
202103	CHN	USA	0.9198881564912608	0.8835481516418627	0.4353697170039621	0.6738432073624562	0.5768073547847756	11.734438009093324
202104	CHN	USA	0.969226032783402	0.8944775646511517	0.5942321393055695	0.730098307027976	0.6949719721420172	3.5883166603443764
202105	CHN	USA	0.9802641451218184	0.6786759893918616	0.5921771502525468	0.658197767458449	0.7028139754485544	2.995778098959683
202106	CHN	USA	1.0543273613773263	0.7670865989995326	0.6484323675333572	0.7201222727907289	0.7625808707816153	4.173620893273817
202107	CHN	USA	0.7528853731363987	0.7514208994455691	0.318638101945819	0.6356165255490892	0.44145473041709793	4.437555441482446
202108	CHN	USA	0.9540704876056892	0.7852541512704527	0.6599036193352779	0.6474159195096255	0.7382121573301634	2.040682770635736
202109	CHN	USA	0.9827525599347258	1.43346065301357	0.591114454665243	0.628276931093763	0.7051639055340279	3.336962142024167
202110	CHN	USA	1.0444489304340143	1.5080717587599115	0.632275762600509	0.7303371236808184	0.7476353081782637	4.483094698159435
202111	CHN	USA	1.3763852092891504	1.8410620343261155	0.948709352557732	0.8407483297158388	1.0694457754352251	5.618210169507009
202112	CHN	USA	1.0746999706374893	1.130976422012482	0.49433368276048306	0.8262763583303752	0.6617479913776366	3.721451556070028
202201	CHN	USA	1.0062291257504776	1.7651738239560453	0.5741290590647966	0.8070717420134458	0.6900214592274753	1.61547013385887
202202	CHN	USA	0.8034886913369279	1.210166291893474	0.4074561968127348	0.623626466083031	0.519109947643981	1.6867112373256576
202203	CHN	USA	1.0005614404681384	1.2084117725373933	0.6795085785991842	0.6588445741187577	0.7674023154848171	2.8186759926993066
202204	CHN	USA	1.0655182479596528	0.5652688279103313	0.6511539359302148	0.6858151988207134	0.7709333333333422	1.9505145059230127
202205	CHN	USA	0.8154092708742938	0.046682994323029775	0.3695635204631341	0.677738054132018	0.494878513577895	1.8869271596634343
202206	CHN	USA	0.9171946587859164	0.07910346724940094	0.5975230738080879	0.649806281855116	0.683606998654111	1.5138496941111867
202207	CHN	USA	0.7989206646457326	0.029834586111837324	0.42589922893234206	0.5705809371673612	0.533257299270078	2.5231830060239733
202208	CHN	USA	0.5380828007931904	0.02153442955976002	0.21131342521520907	0.505985211463873	0.30109133646743	4.527883881028008
202209	CHN	USA	0.8157527263002298	-0.013384145635171606	0.6135372975733162	0.5005207304708702	0.6672135556751024	1.5628024095347957
202210	CHN	USA	0.6808060435096747	-0.014851512945088801	0.3386094220983332	0.46933678327939177	0.4397054576956428	1.6286178988040176
202211	CHN	USA	1.2409816907219635	0.09892920191214663	0.959086862409827	0.714044091310898	1.0352132605619488	4.501638150719162
202212	CHN	USA	0.8720368475080802	0.11331407779649151	0.34440431317146103	0.6585406144191985	0.500703125000004	2.5460450703915622
202301	CHN	USA	0.9246452529913837	0.7793534915535454	0.5705175637101787	0.7329013606135802	0.6627876962787879	3.023024346039191
202302	CHN	USA	0.38136565506923026	0.7944920569359611	0.017191433238238782	0.42839809710344473	0.1217034700315422	8.039878360749036
202303	CHN	USA	0.5206176463944913	0.8066348048355746	0.38509094326440113	0.4001146755441236	0.4158528603220407	5.926775020395526
202304	CHN	USA	0.6260058030915757	0.161765376358004	0.4206582589558309	0.33996252181021774	0.4823312350770704	4.848149381593646
202305	CHN	USA	0.7012546721236226	0.042568173645837815	0.4300427867210059	0.46844231751398846	0.5071428571428541	3.250103087434402