yearmonth	actor1	actor2	Total	BaseCode_010	BaseCode_011	BaseCode_012	BaseCode_013	BaseCode_014	BaseCode_015	BaseCode_016	BaseCode_017	BaseCode_018	BaseCode_019	BaseCode_020	BaseCode_021	BaseCode_022	BaseCode_023	BaseCode_024	BaseCode_025	BaseCode_026	BaseCode_027	BaseCode_028	BaseCode_030	BaseCode_031	BaseCode_032	BaseCode_033	BaseCode_034	BaseCode_035	BaseCode_036	BaseCode_037	BaseCode_038	BaseCode_039	BaseCode_040	BaseCode_041	BaseCode_042	BaseCode_043	BaseCode_044	BaseCode_045	BaseCode_046	BaseCode_050	BaseCode_051	BaseCode_052	BaseCode_053	BaseCode_054	BaseCode_055	BaseCode_056	BaseCode_057	BaseCode_060	BaseCode_061	BaseCode_062	BaseCode_063	BaseCode_064	BaseCode_070	BaseCode_071	BaseCode_072	BaseCode_073	BaseCode_074	BaseCode_075	BaseCode_080	BaseCode_081	BaseCode_082	BaseCode_083	BaseCode_084	BaseCode_085	BaseCode_086	BaseCode_087	BaseCode_090	BaseCode_091	BaseCode_092	BaseCode_093	BaseCode_094	BaseCode_100	BaseCode_101	BaseCode_102	BaseCode_103	BaseCode_104	BaseCode_105	BaseCode_106	BaseCode_107	BaseCode_108	BaseCode_110	BaseCode_111	BaseCode_112	BaseCode_113	BaseCode_114	BaseCode_115	BaseCode_116	BaseCode_120	BaseCode_121	BaseCode_122	BaseCode_123	BaseCode_124	BaseCode_125	BaseCode_126	BaseCode_127	BaseCode_128	BaseCode_129	BaseCode_130	BaseCode_131	BaseCode_132	BaseCode_133	BaseCode_134	BaseCode_135	BaseCode_136	BaseCode_137	BaseCode_138	BaseCode_139	BaseCode_140	BaseCode_141	BaseCode_142	BaseCode_143	BaseCode_144	BaseCode_145	BaseCode_150	BaseCode_151	BaseCode_152	BaseCode_153	BaseCode_154	BaseCode_155	BaseCode_160	BaseCode_161	BaseCode_162	BaseCode_163	BaseCode_164	BaseCode_165	BaseCode_166	BaseCode_170	BaseCode_171	BaseCode_172	BaseCode_173	BaseCode_174	BaseCode_175	BaseCode_176	BaseCode_180	BaseCode_181	BaseCode_182	BaseCode_183	BaseCode_184	BaseCode_185	BaseCode_186	BaseCode_190	BaseCode_191	BaseCode_192	BaseCode_193	BaseCode_194	BaseCode_195	BaseCode_196	BaseCode_200	BaseCode_201	BaseCode_202	BaseCode_203	BaseCode_204	RootCode_01	RootCode_02	RootCode_03	RootCode_04	RootCode_05	RootCode_06	RootCode_07	RootCode_08	RootCode_09	RootCode_10	RootCode_11	RootCode_12	RootCode_13	RootCode_14	RootCode_15	RootCode_16	RootCode_17	RootCode_18	RootCode_19	RootCode_20	QuadCode_1	QuadCode_2	QuadCode_3	QuadCode_4
201306	USA	CHN	7801	453	8	248	219	45	9	21	7	6	6	373	86	7	19	5	6	21	3	0	216	33	8	10	0	14	350	0	0	5	685	25	603	616	74	16	589	258	201	1	2	4	3	0	74	68	136	4	0	4	60	44	9	3	0	17	113	1	0	0	158	1	1	6	215	13	0	0	0	120	8	0	0	0	4	0	0	0	117	153	310	0	30	0	0	156	0	0	0	0	12	0	0	0	19	83	4	0	0	2	0	0	0	29	0	4	23	0	1	0	1	6	0	0	0	7	0	35	0	0	10	13	0	0	17	5	64	139	76	0	0	6	11	6	0	0	0	0	98	0	26	20	0	4	0	0	0	0	0	0	1022	520	636	2608	543	212	133	280	228	132	610	187	118	29	13	58	301	23	148	0	5329	853	1076	543
201307	USA	CHN	7570	350	6	181	152	22	47	24	24	28	0	309	5	7	45	0	12	29	23	2	149	51	5	17	0	5	321	1	0	0	448	2	719	838	15	6	632	143	290	0	0	4	7	0	146	73	390	9	0	2	88	85	5	9	0	22	82	7	0	14	43	0	1	12	199	1	0	0	0	54	3	0	0	0	0	0	0	0	152	169	213	3	75	2	0	98	0	3	2	3	5	0	0	1	12	96	0	0	0	0	0	0	0	9	1	1	27	1	3	0	0	1	4	0	0	9	0	10	13	0	6	14	0	0	4	1	38	116	19	0	0	6	1	72	3	0	0	5	167	1	10	27	2	1	0	0	0	0	0	0	834	432	549	2660	590	474	209	159	200	57	614	124	106	32	14	43	178	87	208	0	5065	1042	933	530
201308	USA	CHN	5340	284	2	91	68	16	23	6	17	3	0	180	4	2	15	1	22	3	4	0	96	24	0	6	0	10	327	3	0	6	463	8	635	476	3	6	390	102	184	0	2	6	2	0	48	72	223	27	0	1	53	75	2	12	0	15	41	2	1	3	44	0	0	11	147	0	0	0	0	36	0	0	0	2	0	0	0	0	72	103	170	0	43	0	0	89	0	0	0	4	5	0	0	2	17	30	1	1	0	0	0	0	0	10	1	1	12	0	0	0	0	16	0	0	0	4	0	7	3	0	1	9	0	3	9	15	65	174	4	0	0	17	0	5	0	0	0	3	87	2	26	17	1	6	0	0	0	0	0	0	510	231	472	1981	344	323	157	102	147	38	388	117	43	13	20	23	267	25	139	0	3538	729	599	474
201309	USA	CHN	6445	303	0	78	76	44	54	11	25	0	1	280	8	4	4	3	6	4	0	0	274	49	3	13	0	12	568	13	0	0	736	4	562	553	66	1	565	89	230	1	0	10	2	0	116	70	207	19	0	1	75	44	6	6	0	4	91	12	0	13	44	5	0	10	97	3	0	0	0	55	3	0	0	6	2	0	0	0	83	78	70	0	11	1	0	72	0	0	0	14	14	0	0	2	26	25	0	0	0	0	0	0	0	2	0	2	18	0	0	0	0	15	2	0	0	3	0	19	5	2	20	24	0	0	13	0	77	113	2	0	0	8	1	5	4	0	0	3	117	0	10	37	3	0	0	0	0	3	0	0	592	309	932	2487	448	297	135	175	100	66	243	128	27	20	20	70	205	21	167	3	4768	707	484	486
201310	USA	CHN	6286	332	3	155	64	46	14	9	21	2	10	246	3	11	5	1	11	19	0	0	105	49	4	19	0	14	346	2	0	1	486	10	621	495	75	6	634	94	198	5	2	13	12	0	103	108	200	7	3	2	41	52	15	1	0	6	36	19	1	2	68	0	0	4	121	0	2	0	0	57	6	0	0	0	4	1	0	0	102	118	80	4	17	1	0	84	0	0	2	0	17	0	0	4	8	51	8	0	0	0	0	0	0	2	0	5	20	0	2	0	6	8	0	0	0	5	0	44	45	2	29	31	0	1	6	4	182	168	0	7	0	15	0	15	0	0	0	3	145	0	11	30	0	2	0	0	0	0	0	0	656	296	540	2327	427	320	115	130	123	68	322	115	61	33	13	152	367	33	188	0	4246	688	599	753
201311	USA	CHN	7763	392	3	369	101	31	28	23	8	13	2	359	12	1	8	5	19	15	2	0	295	45	4	9	0	12	497	43	0	0	531	17	671	617	37	12	820	151	215	15	1	5	12	0	140	92	178	12	5	1	48	61	9	13	0	11	36	6	2	36	55	4	0	18	209	2	0	0	0	75	1	0	0	1	0	0	0	0	234	151	97	8	25	0	0	150	0	0	3	0	1	0	0	63	13	87	5	0	0	0	0	0	0	8	0	1	21	2	3	0	0	9	4	0	0	10	0	31	4	0	23	38	0	0	4	1	70	124	4	0	0	4	0	10	6	0	0	2	88	3	13	16	6	6	0	0	0	0	0	0	970	421	905	2705	539	288	142	157	211	77	515	230	100	27	23	96	203	22	132	0	5540	798	949	476
201312	USA	CHN	8021	403	14	229	183	37	45	19	18	7	3	318	10	8	8	14	70	5	0	4	310	31	2	39	0	18	297	54	0	3	539	14	1061	602	55	5	330	214	259	2	8	16	6	0	131	114	258	11	5	8	86	48	0	10	1	7	54	10	1	9	122	0	1	12	121	0	0	0	0	69	0	0	0	0	5	0	0	0	311	109	155	3	66	2	0	199	0	5	4	17	14	0	0	72	2	115	5	0	0	0	0	0	0	8	3	0	28	0	0	0	0	5	1	0	0	23	0	54	0	0	11	4	0	2	11	25	70	172	2	0	0	7	0	8	1	0	0	1	129	0	19	9	0	3	0	0	0	3	0	0	958	437	754	2606	636	396	152	209	121	74	646	313	131	28	29	71	280	17	160	3	5391	878	1192	560
201401	USA	CHN	4639	311	4	211	94	17	83	1	12	10	4	164	4	2	5	4	23	19	2	0	180	29	19	4	1	1	156	10	0	0	218	5	362	291	15	8	208	114	203	12	4	4	4	0	71	113	221	5	0	0	56	33	5	31	0	1	24	1	0	7	87	5	0	6	83	0	0	0	0	51	2	0	0	0	0	0	0	0	105	128	191	3	13	1	0	91	0	0	4	1	1	0	0	10	0	49	0	0	1	0	0	0	0	3	0	0	13	0	0	3	0	3	0	0	0	0	0	8	9	0	9	8	0	0	7	9	33	88	1	1	0	58	5	12	2	0	0	1	129	0	8	11	0	0	0	0	0	0	0	0	747	223	400	1107	412	339	126	130	83	53	441	107	53	16	3	34	139	78	148	0	2889	678	670	402
201402	USA	CHN	7198	403	9	240	65	30	32	28	19	6	1	325	7	10	15	16	88	58	8	0	194	25	12	10	0	5	392	37	0	0	558	16	569	447	17	4	535	236	390	6	0	43	5	0	135	59	203	6	0	0	85	20	9	7	0	17	34	1	0	4	77	0	0	9	128	0	0	0	0	93	3	0	0	22	3	0	0	0	191	120	129	2	42	1	0	197	1	0	0	2	7	0	0	28	5	139	1	0	0	0	0	0	0	24	0	2	26	0	0	0	0	3	0	0	0	8	0	45	15	0	17	17	0	0	3	8	125	81	0	0	0	7	0	10	4	0	0	5	122	2	10	17	2	0	0	0	0	4	0	0	833	527	675	2146	815	268	138	125	128	121	485	240	164	28	11	94	217	26	153	4	4996	659	1038	505
201403	USA	CHN	7466	421	5	176	65	68	12	13	36	17	3	266	1	15	7	25	19	24	0	0	125	28	0	7	0	3	715	52	0	0	601	27	1180	471	62	24	391	169	261	5	3	13	1	0	112	101	127	7	15	0	82	55	9	19	2	6	28	4	0	5	84	0	1	15	249	0	2	0	1	59	4	0	0	1	0	0	0	0	167	163	128	1	34	9	0	123	0	0	2	3	7	0	2	11	7	53	0	0	2	0	0	0	0	3	0	6	24	1	2	0	2	8	0	0	3	4	0	10	4	0	2	5	0	0	12	13	54	113	5	3	0	6	0	7	0	0	0	4	128	0	20	10	5	1	0	0	0	0	0	0	816	357	930	2756	564	250	173	137	252	64	502	155	58	35	15	21	200	17	164	0	5423	812	814	417
201404	USA	CHN	6810	451	5	197	112	49	26	10	8	11	2	282	16	9	11	0	14	6	16	12	202	40	10	41	0	3	505	83	0	3	417	10	985	360	13	19	296	156	320	2	1	10	3	0	150	100	194	11	1	0	70	42	10	7	0	12	34	7	0	0	25	2	0	9	170	3	0	0	0	65	0	0	0	0	1	0	0	0	179	129	120	8	21	1	0	82	0	4	0	0	13	0	1	7	0	194	0	0	0	0	0	0	0	11	0	3	14	0	4	1	0	9	0	0	0	4	0	35	3	0	13	11	0	0	6	5	23	146	0	0	0	2	0	6	0	0	0	1	94	0	15	16	0	0	0	0	0	0	0	0	871	366	887	2100	642	306	141	77	173	66	458	107	205	22	13	62	180	9	125	0	4866	697	858	389
201405	USA	CHN	9015	556	0	279	134	44	21	23	11	37	0	448	1	3	10	0	10	17	2	6	128	54	9	27	0	8	351	93	0	9	391	13	701	453	14	20	386	128	320	4	0	6	0	0	103	161	320	7	3	1	108	59	7	83	6	12	50	1	1	3	63	2	1	9	352	0	0	0	0	66	7	0	0	0	14	0	0	0	161	263	607	19	120	8	0	232	0	2	0	3	0	0	6	25	3	134	0	0	2	0	0	0	0	9	0	8	33	0	1	0	2	8	0	0	0	10	0	29	6	0	25	31	0	19	22	32	148	605	0	0	0	15	4	8	5	0	0	0	193	3	24	23	9	0	0	0	0	2	0	0	1105	497	679	1978	561	492	275	130	352	87	1178	271	145	44	18	110	807	32	252	2	4820	1249	1725	1221
201406	USA	CHN	5632	337	16	163	98	38	17	10	33	4	3	286	5	8	4	2	34	24	2	0	161	50	8	30	0	1	228	14	0	2	226	4	448	324	5	10	212	149	231	24	2	3	0	0	131	77	207	35	0	0	68	48	4	4	0	54	45	3	0	16	74	0	0	15	257	0	0	0	0	32	0	0	0	2	2	0	0	0	130	144	219	2	14	5	0	89	0	0	2	4	1	0	0	14	6	91	0	0	0	0	0	0	0	9	0	4	39	0	0	2	0	12	0	0	2	15	0	14	3	0	6	9	0	0	30	4	70	241	0	7	0	11	0	6	0	0	0	10	90	1	18	14	2	2	0	0	0	0	0	0	719	365	494	1229	540	319	178	153	257	36	514	116	100	45	29	32	352	27	127	0	3347	907	811	567
201407	USA	CHN	7174	356	21	167	91	44	38	25	32	20	18	306	10	3	6	8	23	13	1	2	211	64	0	36	0	9	247	21	0	3	409	12	567	620	16	8	454	158	268	4	0	16	5	0	131	68	330	31	4	0	106	45	13	3	0	11	39	18	0	5	90	2	0	13	205	2	0	0	0	51	7	0	2	1	0	0	0	0	165	154	253	3	48	3	0	141	0	1	0	4	12	0	0	11	4	51	2	0	0	0	0	0	0	16	0	3	43	0	0	0	0	16	0	1	0	13	0	19	14	1	2	4	0	0	11	18	69	337	2	0	0	9	0	19	0	0	0	3	166	2	22	33	4	6	0	0	0	0	0	0	812	372	591	2086	582	433	178	167	207	61	626	173	69	46	30	40	437	31	233	0	4443	985	975	771
201408	USA	CHN	5686	323	14	135	76	24	27	5	26	13	0	284	3	0	4	1	25	27	0	1	138	44	1	32	0	8	228	0	0	0	318	27	475	485	16	13	272	185	191	6	0	5	25	0	52	80	222	9	0	0	102	52	3	6	0	6	46	7	0	10	38	1	0	7	120	0	0	0	0	41	0	0	0	2	0	0	0	0	122	152	294	3	53	3	0	92	0	0	0	2	7	0	0	23	1	48	0	0	0	0	0	0	0	7	0	4	64	0	1	0	0	10	6	0	0	7	0	17	5	0	4	3	0	0	8	4	67	214	0	2	0	2	0	18	0	0	0	5	125	0	18	28	2	4	0	0	0	0	0	0	643	345	451	1606	464	311	169	109	120	43	627	125	55	69	23	29	295	25	177	0	3509	709	919	549
201409	USA	CHN	6306	357	2	95	119	61	20	9	28	9	0	205	4	7	14	4	19	16	18	0	138	17	3	18	0	12	448	7	0	3	546	3	682	618	16	5	379	93	213	0	2	9	3	0	132	76	214	16	0	2	80	49	7	1	2	7	36	6	0	8	61	1	0	28	111	0	0	0	0	71	0	0	4	0	0	2	0	0	106	129	185	0	47	1	0	85	0	2	1	4	5	0	2	8	15	52	5	0	8	0	0	0	0	2	2	10	27	0	2	0	2	4	4	0	0	5	0	18	6	0	19	18	0	1	23	7	35	171	0	0	0	10	2	4	4	0	0	6	94	0	29	23	6	1	0	0	0	0	0	0	700	287	646	2249	452	308	146	140	111	77	468	122	69	41	13	62	236	26	153	0	4334	705	777	490
201410	USA	CHN	6692	341	7	111	156	34	10	2	52	8	0	257	0	12	2	2	13	27	2	0	117	61	2	13	0	5	321	14	0	1	512	3	580	554	29	12	444	240	319	6	3	16	1	0	79	115	252	14	0	3	96	53	7	15	2	6	41	11	0	1	52	0	3	6	175	0	2	0	0	73	2	0	0	1	3	0	0	0	216	119	190	2	33	0	0	99	0	2	0	0	1	0	0	14	5	112	0	0	5	0	0	0	0	13	0	13	88	2	0	0	3	7	0	0	9	2	0	8	4	0	8	4	0	0	7	10	79	163	4	0	0	8	2	19	0	0	0	0	98	1	22	14	5	0	0	0	0	0	0	0	721	315	534	2134	664	384	179	114	177	79	560	121	130	106	18	24	263	29	140	0	4368	854	996	474
201411	USA	CHN	10408	463	11	159	260	43	22	27	30	2	0	493	1	41	8	4	44	30	12	0	756	50	25	17	0	23	608	30	0	0	814	5	1211	716	54	25	676	383	553	4	3	4	0	0	304	119	267	11	8	2	50	68	7	8	1	12	87	16	4	12	48	0	0	17	116	3	0	0	0	51	0	2	0	2	2	0	0	0	180	160	167	21	30	0	0	139	0	23	0	2	18	0	4	33	4	159	0	0	0	0	0	0	0	14	0	3	26	0	2	0	1	6	1	0	0	3	0	100	2	1	11	20	0	0	6	5	54	156	2	0	0	6	2	3	0	0	0	4	161	7	21	24	2	1	0	0	0	0	0	0	1017	633	1509	3501	1251	407	146	184	119	57	558	223	173	32	10	134	223	15	216	0	7911	856	1043	598
201412	USA	CHN	5538	322	8	137	77	30	9	12	22	0	0	315	10	0	36	2	5	12	0	0	235	26	22	8	0	12	194	17	0	0	315	5	494	468	23	2	300	122	207	5	3	27	2	0	132	83	289	5	0	0	80	71	4	8	0	9	34	10	0	5	60	1	0	38	115	0	0	0	0	67	0	0	0	6	3	0	0	0	78	105	139	1	22	1	0	119	0	0	0	0	5	0	1	5	6	27	0	0	0	0	0	0	0	5	0	0	16	0	0	1	0	0	0	0	2	4	0	23	4	0	5	12	0	0	10	7	85	171	2	0	0	3	0	14	0	0	0	5	109	0	7	36	3	0	0	0	0	1	0	0	617	380	514	1607	498	377	172	148	115	76	346	136	32	17	6	44	275	22	155	1	3616	812	607	503
201501	USA	CHN	5811	315	9	162	102	21	35	7	46	22	4	267	3	16	3	0	13	4	0	0	332	35	6	28	0	10	246	4	0	0	313	17	701	480	2	5	355	157	276	0	4	34	0	0	104	88	244	2	0	0	68	82	8	17	2	14	13	2	2	3	71	0	0	2	81	0	0	0	0	56	0	0	0	0	0	0	0	0	90	81	61	0	27	5	0	73	0	0	0	4	4	0	0	6	5	38	0	0	0	0	0	0	0	5	4	2	6	0	0	0	0	5	0	0	0	3	0	4	4	14	3	4	0	4	4	3	74	129	1	0	0	6	6	11	0	0	0	14	153	0	32	28	1	4	0	0	0	0	0	0	723	306	661	1873	575	334	191	93	81	56	264	92	47	8	8	33	211	37	218	0	4138	699	467	507
201502	USA	CHN	6126	344	1	147	142	37	12	1	28	1	0	276	1	2	10	0	5	29	0	4	241	48	5	10	0	5	434	8	0	9	474	11	550	683	15	6	280	114	333	0	0	24	0	0	73	62	221	5	0	0	64	49	7	7	0	3	33	9	0	3	47	0	0	8	115	0	0	0	0	81	0	0	0	4	0	0	0	0	110	97	131	2	20	7	0	126	0	4	0	0	0	0	4	8	15	52	1	0	0	7	0	0	0	10	0	0	11	0	6	0	0	6	0	0	0	3	0	19	13	2	6	8	0	0	8	9	56	131	1	0	0	7	4	3	6	0	0	11	102	1	15	23	0	0	0	0	0	0	0	0	713	327	760	2019	544	288	130	100	115	85	367	157	70	17	9	48	205	31	141	0	4363	633	696	434
201503	USA	CHN	6379	360	4	187	128	12	17	7	21	12	1	318	3	5	13	1	22	7	2	0	369	32	2	14	0	24	296	43	0	0	341	5	664	527	16	30	327	182	294	2	4	5	2	0	113	115	218	2	28	2	69	69	4	9	1	18	39	8	0	6	48	0	0	10	102	0	0	0	0	91	0	0	0	0	0	2	0	0	105	113	132	0	30	1	0	120	0	0	1	3	2	0	0	9	2	33	1	0	1	0	0	0	0	8	0	0	26	0	0	2	0	2	0	0	0	8	0	12	8	0	1	2	0	0	5	3	123	170	2	0	0	11	4	7	0	0	0	6	122	4	25	16	4	2	0	0	0	0	0	0	749	371	780	1910	602	365	170	111	102	93	381	137	43	28	10	23	303	28	173	0	4412	748	682	537
201504	USA	CHN	6921	429	5	309	147	31	17	12	10	8	0	327	16	13	13	0	42	20	0	0	405	32	10	19	0	10	337	25	0	0	308	4	588	591	13	7	360	140	332	12	0	7	9	0	161	118	188	16	3	1	92	83	4	11	0	12	50	5	0	6	89	7	0	11	120	0	0	0	0	80	0	0	0	2	7	0	0	0	97	134	130	2	29	1	0	106	0	3	1	6	11	0	3	12	1	119	0	0	0	0	0	0	0	16	0	2	24	0	1	0	0	17	1	2	0	8	0	24	0	0	5	9	0	5	2	4	91	157	5	1	0	11	1	5	0	0	0	2	118	0	22	58	1	0	0	0	0	0	0	0	968	431	838	1871	661	326	202	168	120	89	393	143	135	27	28	43	260	19	199	0	4769	816	787	549
201505	USA	CHN	7739	490	0	335	153	54	41	11	12	4	3	317	24	14	8	0	32	12	10	4	286	37	1	8	0	6	400	62	0	3	371	3	767	765	6	11	301	159	299	4	6	13	0	0	83	92	249	11	3	4	70	68	19	6	0	7	97	9	0	6	101	0	1	13	133	0	0	0	0	112	0	0	0	6	2	0	0	0	175	136	227	8	33	3	0	143	0	0	11	3	11	0	3	14	3	124	2	0	0	1	0	0	0	17	2	1	23	0	4	0	5	10	2	2	0	8	0	8	8	5	3	2	0	0	2	6	54	314	9	0	0	7	1	7	1	0	1	6	169	2	22	14	1	2	0	0	0	0	0	0	1103	421	803	2224	564	359	170	227	133	120	582	188	146	33	22	26	385	23	210	0	5115	889	1069	666
201506	USA	CHN	8919	537	4	237	196	40	41	44	31	21	0	398	9	17	10	1	48	11	0	0	388	70	3	11	0	12	510	48	0	0	493	1	781	775	28	18	487	130	290	7	0	6	4	0	170	95	215	31	0	1	91	76	9	15	0	25	110	10	0	7	114	0	0	22	162	0	0	0	0	91	5	0	0	8	6	0	0	0	274	221	411	9	41	2	0	192	0	1	0	1	4	0	5	55	13	104	4	0	0	0	0	0	0	28	10	0	17	0	10	0	0	9	0	0	0	10	0	25	10	0	24	11	0	0	4	10	37	156	5	4	0	8	1	9	0	0	0	3	166	0	19	12	14	9	0	0	0	0	1	0	1151	494	1042	2583	607	342	216	263	162	110	958	271	146	27	19	70	216	21	220	1	5877	983	1512	547
201507	USA	CHN	9214	505	38	210	160	40	23	15	16	35	3	413	18	3	15	9	52	20	2	0	488	40	14	19	0	13	437	97	0	2	500	40	858	823	18	36	620	203	372	4	3	8	0	0	216	141	248	9	9	1	101	102	6	21	0	17	74	3	0	21	106	5	1	25	139	0	0	0	0	86	4	0	0	1	1	0	0	0	148	141	297	4	38	22	0	179	0	2	0	8	11	0	4	34	7	93	10	0	0	3	0	0	0	18	8	14	40	0	10	2	3	16	3	0	0	8	0	47	11	4	26	21	0	0	5	6	62	138	11	2	0	15	7	18	18	0	0	9	139	0	18	19	2	2	0	0	0	2	0	0	1045	532	1110	2895	806	408	247	235	139	92	650	245	132	69	27	109	224	67	180	2	6388	1029	1188	609
201508	USA	CHN	8880	510	4	233	151	59	45	6	68	11	0	458	7	7	6	0	11	27	0	2	321	58	1	6	0	19	460	46	0	12	460	20	845	871	12	10	351	181	302	8	16	9	5	0	162	77	350	20	6	0	139	101	9	15	1	23	68	0	0	7	93	13	0	7	147	0	1	0	0	55	1	0	0	5	12	0	0	0	149	223	218	0	30	1	0	137	0	5	0	13	21	0	0	31	11	107	4	0	0	2	0	0	0	17	0	0	12	0	3	0	0	3	1	0	0	2	0	200	23	9	17	15	0	1	11	0	64	251	9	3	0	9	3	12	8	0	0	6	203	2	27	62	2	22	0	0	0	1	0	0	1087	518	923	2569	683	453	288	188	148	73	621	218	130	15	6	265	338	38	318	1	5780	1077	1057	966
201509	USA	CHN	16665	794	24	358	260	134	27	66	100	28	7	518	4	12	22	1	47	63	11	1	555	113	13	31	0	7	1218	54	0	17	1304	7	1409	2691	42	14	710	543	711	15	1	30	1	0	335	176	347	21	1	3	134	77	24	10	6	34	83	15	0	12	145	5	0	39	295	0	1	0	0	146	2	0	0	25	5	7	0	0	225	260	340	0	66	1	0	211	0	2	0	5	34	0	0	47	1	207	176	0	0	0	0	0	0	23	1	0	54	0	2	0	0	19	16	2	1	14	0	79	24	0	129	20	0	0	44	17	85	304	3	3	0	4	6	6	4	0	0	19	225	2	45	24	2	2	0	0	0	0	0	0	1798	679	2008	6177	1636	548	285	299	296	185	892	300	407	56	52	252	456	39	300	0	12298	1428	1840	1099
201510	USA	CHN	9617	596	15	219	149	72	68	47	49	9	2	413	2	11	3	0	27	26	0	0	346	59	3	13	0	18	462	16	0	0	600	2	946	1084	27	12	430	245	350	21	0	12	12	0	245	104	241	12	0	1	75	82	10	13	1	9	95	10	6	2	144	0	4	38	119	0	0	0	0	93	1	0	0	1	0	0	0	0	360	205	149	7	23	0	0	127	0	1	13	3	14	0	5	84	15	113	7	0	0	0	0	0	0	22	0	3	31	0	4	0	0	15	5	0	0	5	0	24	16	2	10	8	0	0	5	11	92	239	0	0	0	13	3	17	0	0	0	3	188	5	42	26	24	6	0	0	0	0	0	0	1226	482	917	3101	885	358	190	299	119	95	744	262	142	38	25	60	347	36	291	0	6611	966	1281	759
201511	USA	CHN	9171	656	17	210	162	33	22	41	31	8	4	406	5	32	4	0	73	23	1	1	266	32	5	10	0	23	566	15	0	3	753	7	958	896	25	15	420	135	391	0	16	53	5	0	186	105	154	26	1	12	88	49	10	7	0	23	65	3	0	4	169	1	0	28	114	0	0	0	0	97	1	0	0	15	2	4	0	0	389	161	151	0	16	2	0	151	0	2	0	2	14	0	0	23	0	105	3	0	0	0	0	0	0	8	14	4	61	0	12	0	0	9	2	0	0	4	0	36	14	0	12	23	0	2	0	6	51	149	4	0	0	4	10	5	0	0	0	6	178	0	24	23	2	2	0	0	0	0	0	0	1184	545	920	3074	786	298	177	270	114	119	719	192	130	77	15	87	210	25	229	0	6509	859	1237	566
201512	USA	CHN	7500	380	5	197	126	49	22	15	54	3	2	350	2	1	11	0	33	19	0	0	278	44	2	7	0	0	341	42	0	0	578	19	685	839	31	25	318	159	345	2	0	10	12	0	170	100	251	20	0	0	84	57	19	8	0	16	41	7	3	21	147	0	0	12	75	0	0	0	0	45	0	0	1	1	1	0	0	0	157	143	217	3	11	0	0	101	0	0	2	2	5	0	0	23	9	101	3	0	0	0	0	0	0	9	4	0	31	0	2	2	9	2	6	0	1	8	0	54	10	0	6	4	0	0	3	8	73	174	0	0	0	2	8	10	0	0	0	11	110	0	24	24	26	6	0	0	0	11	0	0	853	416	714	2495	698	371	184	231	75	48	531	142	117	44	17	74	258	31	190	11	5176	861	882	581
201601	USA	CHN	8970	519	3	279	177	31	59	17	58	4	8	467	1	14	10	0	27	19	10	0	367	51	15	13	0	9	505	10	0	2	760	21	748	780	96	20	565	180	364	8	2	25	2	0	201	78	230	13	0	4	133	52	8	7	0	10	50	6	0	7	110	3	0	12	92	0	1	0	0	153	8	0	0	1	1	0	0	0	252	246	160	2	16	2	0	100	0	0	0	1	2	0	0	15	11	83	1	0	2	2	0	0	0	12	0	6	26	0	0	0	0	0	0	0	2	8	0	15	6	0	11	18	0	0	5	18	81	176	3	0	0	6	3	2	10	0	0	3	164	2	16	54	2	0	0	0	0	0	0	0	1155	548	972	2990	782	325	210	188	93	163	678	129	100	32	10	50	283	24	238	0	6447	816	1102	605
201602	USA	CHN	11670	682	12	459	325	95	61	16	48	7	60	552	2	89	13	16	52	24	10	9	499	22	1	6	0	44	478	10	0	0	984	56	717	964	83	5	740	240	670	9	9	8	1	0	134	82	190	9	12	6	45	86	10	15	0	24	48	0	0	7	179	0	0	6	120	0	0	0	0	246	0	0	0	4	0	0	0	0	317	209	537	2	22	2	0	113	0	0	0	1	0	0	0	19	80	128	5	0	0	2	0	0	0	4	0	8	55	0	1	0	4	10	4	4	0	49	0	75	7	0	60	10	0	3	2	8	100	248	2	0	0	5	2	4	2	0	0	4	140	1	34	70	11	3	0	0	0	0	2	0	1765	767	1060	3549	1071	299	180	240	120	250	1089	213	139	68	67	155	360	17	259	2	8212	839	1759	860
201603	USA	CHN	9083	552	26	198	150	59	27	11	44	17	4	420	0	5	12	17	11	16	1	1	319	36	0	12	0	16	501	12	0	0	694	7	854	731	28	4	535	253	452	6	0	8	3	0	162	133	354	5	3	0	62	82	0	11	1	9	89	5	1	10	88	7	0	14	132	3	0	0	0	83	5	0	0	1	0	0	0	0	139	176	252	1	16	4	0	147	1	12	5	15	5	0	0	8	14	130	16	0	0	0	0	0	0	12	7	5	40	0	0	0	3	9	10	0	0	13	0	48	6	0	11	5	0	0	0	5	51	248	0	0	0	10	5	17	6	0	0	5	239	0	36	31	8	5	0	0	0	5	0	0	1088	483	896	2853	884	495	165	214	135	89	588	207	165	48	32	70	304	43	319	5	6204	1009	1097	773
201604	USA	CHN	9249	624	22	221	138	48	28	12	34	18	1	419	5	22	19	0	15	30	2	0	414	35	12	16	0	13	413	9	0	4	730	32	776	835	22	14	506	254	323	9	3	13	2	0	236	125	234	9	0	0	83	38	5	17	0	8	67	7	0	10	110	0	1	20	162	0	0	0	0	160	1	0	0	0	2	0	0	0	207	237	287	6	46	1	0	156	0	4	4	7	4	0	2	6	10	69	6	0	0	0	0	0	0	54	0	5	29	0	2	0	5	16	11	0	0	14	0	24	5	0	26	57	0	0	7	11	105	220	5	0	0	6	1	9	0	0	0	4	120	0	35	26	3	0	0	0	9	0	0	0	1146	512	916	2915	840	368	151	215	162	163	784	193	129	41	41	112	348	20	184	9	6329	896	1310	714
201605	USA	CHN	8865	669	6	315	127	51	32	23	37	19	1	362	15	11	13	6	23	29	10	0	185	37	6	28	0	12	440	16	0	0	480	11	811	785	32	5	430	141	399	5	4	11	12	1	177	121	216	13	0	1	104	73	11	7	1	18	68	40	0	17	131	2	1	29	177	0	0	0	0	91	4	0	0	13	2	0	0	0	214	239	265	3	33	8	0	244	0	3	0	10	8	0	0	15	6	154	6	0	0	2	0	0	0	58	0	0	40	0	0	0	0	13	12	0	6	48	0	36	4	1	6	6	0	0	1	6	92	105	9	0	0	10	2	19	0	0	0	4	198	0	30	27	3	2	0	0	0	0	0	0	1280	469	724	2554	750	351	214	288	177	110	762	286	220	40	79	53	213	35	260	0	5777	1030	1418	640
201606	USA	CHN	9948	630	2	224	222	107	42	11	14	40	15	468	6	21	14	1	31	25	8	0	256	40	4	18	0	24	527	3	0	0	697	14	753	834	14	16	410	217	674	4	4	10	1	0	147	106	293	29	9	2	74	114	7	18	0	17	100	3	0	7	144	0	1	30	137	0	0	0	0	120	0	0	0	16	0	0	0	0	235	226	220	5	143	8	0	200	0	1	2	8	8	0	0	32	13	141	1	0	6	1	0	0	0	38	0	0	25	0	3	0	0	7	5	0	0	37	0	26	23	3	96	10	0	1	25	9	86	175	1	0	0	21	2	9	1	0	0	13	176	0	42	83	3	2	0	0	0	1	0	0	1307	574	872	2738	1057	439	230	285	137	136	837	264	187	28	49	159	296	46	306	1	6548	1091	1452	857
201607	USA	CHN	8127	446	7	184	193	43	17	61	12	3	0	584	3	19	11	2	49	19	12	3	212	42	0	13	0	7	478	9	4	0	460	8	652	626	11	22	330	119	318	4	7	4	3	1	142	78	212	15	0	0	141	69	7	13	1	23	85	6	0	2	123	0	2	16	144	2	0	0	0	226	0	0	0	4	0	0	0	0	216	178	233	2	63	5	0	176	0	2	1	7	6	0	0	11	7	129	2	0	0	1	0	0	0	27	1	7	52	0	2	0	0	22	5	3	0	33	0	23	0	0	8	11	0	0	0	2	58	153	1	1	0	2	5	5	0	0	0	6	233	2	27	81	7	2	0	0	0	0	0	0	966	702	765	2109	598	305	254	234	146	230	697	210	160	61	63	42	215	18	352	0	5140	939	1358	690
201608	USA	CHN	7817	460	10	167	148	51	54	24	12	4	0	441	3	12	5	4	5	20	0	0	158	39	0	15	0	6	583	2	0	3	450	30	866	643	6	8	354	96	304	4	2	19	1	0	142	118	238	24	0	3	94	62	20	11	0	18	103	11	0	3	102	0	1	14	158	0	0	0	0	94	0	3	0	0	0	0	0	0	152	233	118	0	15	5	0	128	0	2	2	1	10	0	0	15	16	94	12	0	0	2	0	0	0	12	0	1	33	0	0	0	5	12	0	3	3	22	0	37	15	0	15	2	0	0	3	8	40	216	2	0	0	23	5	16	3	0	0	2	179	0	53	57	15	1	0	0	0	1	0	0	930	490	806	2357	568	383	205	234	158	97	523	174	120	39	40	69	269	49	305	1	5151	980	953	733
201609	USA	CHN	11157	629	8	281	217	64	19	46	25	44	1	580	13	20	11	0	6	40	9	0	399	62	5	29	0	20	721	10	0	0	1033	4	1229	805	18	8	621	283	485	5	1	7	10	2	340	106	199	19	7	6	108	40	5	5	4	17	100	6	0	8	113	0	4	23	82	0	0	0	0	200	19	0	0	4	1	0	0	0	232	247	287	8	41	18	0	142	2	0	0	2	5	0	0	11	26	237	5	0	0	0	0	0	0	43	0	1	20	0	1	0	0	19	29	4	4	18	0	49	12	0	27	33	5	0	2	0	54	101	5	4	0	7	4	14	9	0	0	12	131	0	36	46	15	2	0	0	0	1	0	0	1334	679	1246	3718	1133	337	179	254	82	224	833	188	285	22	74	126	166	46	230	1	8110	852	1552	643
201610	USA	CHN	8719	583	3	137	213	100	12	5	16	1	0	397	4	6	22	1	15	44	0	0	177	57	4	12	0	37	557	10	0	0	518	3	1027	658	7	35	356	229	477	6	0	15	7	0	146	91	287	13	0	3	154	110	15	15	0	11	87	2	0	9	101	3	0	25	205	2	0	0	0	59	0	0	0	1	0	1	0	0	215	183	165	0	30	3	0	196	2	3	1	0	10	0	0	8	27	136	6	0	0	4	0	0	0	18	0	6	46	0	0	0	0	16	3	1	0	21	0	27	6	1	16	4	0	0	0	6	47	117	3	0	0	18	1	6	0	0	0	5	142	0	85	40	3	0	0	0	0	1	0	0	1070	489	854	2604	880	394	305	227	207	61	596	247	164	52	41	54	173	30	270	1	5897	1133	1120	569
201611	USA	CHN	9495	620	9	168	182	96	22	18	16	1	14	547	3	11	0	1	8	21	3	0	280	78	1	30	0	45	486	3	0	1	509	9	910	912	13	12	328	268	423	7	1	26	1	0	289	115	369	15	0	0	113	84	7	31	0	11	87	3	1	20	103	0	0	141	128	0	0	0	0	139	1	0	0	3	0	0	0	0	172	199	202	2	36	0	0	232	0	4	0	0	9	0	3	7	16	114	3	0	2	0	0	0	0	14	3	1	22	0	0	2	0	4	1	1	0	7	0	42	9	0	22	3	0	0	5	14	109	193	2	0	0	18	4	21	3	0	0	1	162	2	48	28	3	0	0	0	0	7	0	0	1146	594	924	2693	1015	499	246	355	128	143	611	271	136	25	13	76	323	47	243	7	6372	1228	1186	709
201612	USA	CHN	11549	723	35	237	325	92	141	17	15	10	0	678	2	13	19	9	36	55	1	0	314	35	7	25	0	8	318	1	0	0	777	33	898	986	19	2	346	375	677	28	0	152	2	0	197	129	394	2	2	1	160	108	5	20	2	20	91	2	2	18	89	0	7	32	166	1	0	0	0	198	1	0	0	3	5	0	0	0	278	232	407	9	77	5	0	234	0	0	3	10	18	0	1	20	92	233	11	4	0	0	0	0	0	51	0	6	32	0	3	0	0	5	0	0	0	5	0	37	29	2	25	1	0	0	0	7	98	136	1	0	0	15	4	29	0	0	0	10	270	0	44	32	5	2	0	0	0	0	0	0	1595	813	708	3061	1431	528	315	241	167	207	1008	378	299	41	10	94	242	58	353	0	7608	1251	1933	757
201701	USA	CHN	10641	690	21	194	292	128	81	14	27	15	2	573	6	9	9	2	13	62	2	0	230	72	5	15	0	12	343	10	0	0	563	27	876	741	25	8	407	289	658	3	1	49	2	1	222	124	384	13	2	1	120	97	7	18	0	47	147	5	0	16	120	3	1	136	137	2	0	0	0	150	15	2	0	5	1	0	0	0	227	310	266	0	58	17	0	270	0	3	0	8	7	0	0	40	2	216	10	0	0	0	0	0	0	50	0	0	35	0	0	1	0	6	17	3	0	18	0	44	25	2	7	3	0	0	3	11	176	150	24	0	0	11	6	15	0	0	0	11	250	1	44	30	10	0	0	0	0	2	0	0	1464	676	687	2647	1225	524	289	428	139	173	878	330	276	36	44	81	364	43	335	2	6699	1380	1693	869
201702	USA	CHN	9237	563	21	218	175	31	127	6	41	29	2	465	1	6	8	0	18	4	0	0	207	29	12	40	0	24	480	3	0	2	474	60	880	958	8	6	422	250	622	3	21	53	4	0	90	93	266	16	2	1	106	58	12	7	0	29	82	2	0	10	84	1	0	48	87	0	0	0	0	177	3	0	0	0	2	0	0	0	157	252	206	0	18	2	0	96	0	5	2	6	7	0	0	25	5	176	4	0	3	1	0	0	0	46	0	2	29	0	1	0	0	18	4	0	0	65	0	26	13	1	19	1	0	1	4	2	82	166	6	0	0	8	2	13	4	0	0	13	152	1	45	28	0	70	0	0	1	0	0	0	1213	502	797	2808	1043	378	212	227	87	182	635	146	230	32	87	61	260	40	296	1	6363	904	1225	745
201703	USA	CHN	9283	524	21	213	202	59	49	9	11	10	0	472	9	35	13	0	22	47	0	2	193	69	6	28	0	11	672	0	0	0	881	28	811	797	6	18	320	266	310	8	0	21	5	0	96	83	393	17	3	2	105	60	2	6	5	8	86	12	0	5	119	0	0	47	147	2	0	2	0	105	0	0	0	1	0	0	0	0	156	274	232	0	37	1	0	190	0	12	3	25	27	0	6	4	6	129	8	0	0	0	0	0	0	22	0	0	21	0	2	0	0	20	0	3	2	17	0	61	5	2	65	14	0	0	4	5	93	90	12	0	0	10	3	9	0	0	0	8	152	0	43	26	10	14	0	0	0	6	0	0	1098	600	979	2861	706	498	186	269	151	106	700	273	159	23	42	147	204	30	245	6	6244	1104	1261	674
201704	USA	CHN	13417	751	13	310	357	76	25	19	16	5	4	618	5	24	127	0	57	72	3	6	256	45	8	19	0	9	702	26	0	9	1493	96	973	1373	81	16	768	446	562	12	0	8	8	1	213	167	390	10	8	0	120	118	18	5	0	23	94	19	19	26	137	0	0	53	192	3	0	2	0	251	3	0	0	8	0	0	0	0	138	272	330	4	51	4	0	202	0	8	2	7	6	0	2	9	7	191	18	0	13	0	0	0	0	40	2	1	15	0	4	0	0	12	15	2	0	20	0	52	15	12	27	17	0	0	1	9	42	187	3	8	0	23	2	19	0	0	0	22	252	0	17	14	19	23	0	0	0	0	0	0	1576	912	1074	4800	1250	575	284	348	197	262	799	243	264	20	49	123	250	66	325	0	9612	1404	1588	813
201705	USA	CHN	9161	545	15	167	248	40	36	21	19	2	8	534	33	23	41	0	8	34	1	0	188	77	13	16	0	28	508	16	0	2	652	11	905	824	5	12	336	276	418	7	7	3	29	2	171	141	333	7	1	1	141	83	3	10	0	54	102	4	0	6	167	0	3	43	130	2	0	0	0	143	2	0	0	3	4	0	0	0	142	169	182	1	58	0	0	169	0	5	0	2	13	0	0	8	7	55	6	0	0	0	0	0	0	24	2	3	22	0	0	0	0	21	8	0	0	7	0	36	12	1	9	13	0	0	9	15	76	197	3	0	0	10	4	10	2	0	0	11	137	2	13	19	9	3	0	0	0	2	0	0	1101	674	848	2745	913	483	291	325	132	152	552	204	87	25	36	71	300	37	183	2	6281	1231	1020	629
201706	USA	CHN	9713	468	13	184	183	51	16	12	27	56	0	529	6	13	63	9	23	33	1	0	262	95	7	20	0	29	429	7	2	0	760	1	1025	726	21	4	381	361	448	7	3	15	1	0	255	125	365	10	0	0	178	80	7	10	0	9	105	13	0	13	156	4	1	70	123	1	0	0	0	203	5	0	0	1	5	0	0	0	106	170	178	0	36	5	0	155	3	0	0	2	3	0	1	5	23	84	38	0	0	3	0	0	0	30	1	0	24	0	0	0	0	1	0	2	0	59	0	104	8	1	144	3	0	7	10	1	84	178	0	6	0	4	3	2	3	0	0	2	123	1	27	19	19	5	0	0	0	0	0	0	1010	677	851	2918	1090	500	284	362	124	214	495	192	156	24	62	267	279	14	194	0	6546	1270	1081	816
201707	USA	CHN	9469	574	15	236	183	60	46	31	41	30	2	515	7	37	23	3	63	12	2	3	171	84	13	27	0	24	387	16	2	0	570	32	619	790	14	9	331	188	340	0	3	22	40	1	221	120	269	14	4	0	122	87	2	7	1	12	71	8	3	18	216	2	1	60	96	0	0	0	0	161	6	0	0	0	1	0	0	0	287	270	263	3	16	3	0	114	0	0	0	7	5	0	12	3	11	128	30	0	0	0	0	0	0	12	3	4	34	0	1	0	1	17	4	0	0	25	0	78	33	0	294	11	0	3	5	1	105	318	5	0	0	9	51	3	0	0	0	7	149	0	31	37	2	5	0	0	0	1	0	0	1218	665	724	2365	815	407	231	379	96	168	842	152	173	40	46	419	434	70	224	1	5787	1113	1375	1194
201708	USA	CHN	8226	510	3	135	154	44	20	7	19	9	1	561	23	21	25	0	39	19	1	0	253	34	3	9	0	7	247	10	1	1	458	13	568	509	26	10	305	283	331	2	2	4	0	0	137	105	244	7	7	0	120	95	11	9	0	26	73	1	0	2	116	0	2	37	276	0	0	0	0	158	24	0	0	0	4	0	0	0	181	202	302	0	67	10	0	108	2	2	0	6	4	0	0	7	10	122	9	0	0	0	0	0	0	37	0	0	35	0	0	0	0	21	2	7	0	4	0	37	5	0	311	19	0	0	10	4	105	168	12	0	0	4	7	19	0	0	0	10	165	1	39	50	1	0	0	0	0	0	0	0	902	689	565	1889	759	363	261	231	276	186	762	139	168	35	34	372	299	40	256	0	4804	1131	1290	1001
201709	USA	CHN	7769	416	2	109	138	46	14	8	53	4	0	535	1	26	25	0	25	19	14	2	278	27	4	9	0	16	505	5	0	2	514	43	839	633	17	16	341	143	306	1	2	8	0	0	170	78	237	3	2	0	96	97	3	7	0	21	43	10	0	0	73	3	2	38	94	2	0	0	3	156	1	0	0	0	1	2	0	0	122	114	136	4	19	11	0	129	0	1	0	4	13	0	4	9	49	110	7	0	0	0	0	0	0	19	1	2	33	0	3	0	0	10	6	0	0	15	0	66	15	0	96	17	0	2	0	15	81	98	5	0	0	1	0	7	0	0	0	6	143	22	22	38	4	6	0	0	0	0	16	0	790	647	846	2403	630	320	224	169	99	160	406	209	137	38	31	196	199	14	235	16	5316	812	950	691
201710	USA	CHN	6642	410	6	88	142	43	15	22	22	18	2	295	9	13	21	0	9	12	0	0	227	48	1	13	1	19	475	14	0	0	393	14	596	560	19	5	366	154	300	0	0	5	3	0	250	94	203	6	2	0	83	55	9	11	0	10	45	4	14	3	57	0	0	37	103	0	0	0	0	70	5	0	0	1	0	0	0	0	121	103	121	0	17	24	0	100	0	0	0	12	7	0	8	1	5	60	3	0	0	0	0	0	0	21	1	0	6	0	0	0	0	4	0	0	0	5	0	9	0	2	25	16	0	0	0	9	81	221	5	0	0	4	2	12	1	0	0	6	139	1	12	62	3	10	0	0	0	1	0	0	768	359	798	1953	712	305	168	160	103	76	386	133	85	6	9	52	316	25	227	1	4590	736	686	630
201711	USA	CHN	9229	564	19	113	204	51	13	8	57	15	0	419	17	26	6	1	15	6	4	2	211	86	4	16	0	21	591	8	0	30	679	9	1276	887	18	15	291	223	380	3	1	14	2	1	470	82	300	18	3	3	100	90	5	20	3	9	65	4	4	11	113	1	0	38	128	11	0	0	0	106	1	0	2	0	2	2	0	0	100	127	192	2	32	14	0	118	0	0	0	10	9	0	0	3	0	65	7	0	0	0	0	0	0	15	0	1	22	0	0	0	1	2	0	0	0	2	0	16	19	13	35	4	0	0	0	0	58	148	2	3	0	32	1	18	0	0	0	6	158	0	17	71	1	6	0	0	0	2	0	0	1044	496	967	3175	1094	406	227	236	139	113	467	140	87	24	4	87	211	57	253	2	6776	1008	831	614
201712	USA	CHN	5903	370	12	115	116	41	11	3	43	2	7	413	3	12	7	1	16	7	0	0	159	59	7	1	0	10	186	2	0	0	358	5	524	487	35	0	194	170	294	7	1	7	0	0	137	79	207	29	7	0	74	78	8	8	0	17	49	2	2	8	89	12	0	20	105	0	0	0	0	102	0	0	0	3	8	0	0	0	173	182	122	0	56	6	0	81	0	0	0	6	6	0	0	3	0	59	5	0	0	0	0	0	0	12	0	0	5	0	0	0	2	10	2	0	6	7	0	41	3	4	36	1	0	1	4	3	94	64	4	0	0	7	0	9	5	0	0	4	114	0	17	18	2	0	0	0	0	0	0	0	720	459	424	1603	616	322	185	182	105	113	539	96	76	7	25	86	169	25	151	0	3822	794	831	456
201801	USA	CHN	6368	496	16	142	129	58	25	13	2	6	14	318	5	6	21	0	14	8	0	0	128	63	3	24	0	11	158	1	0	0	370	25	565	479	0	13	159	79	356	2	1	16	4	0	136	80	250	3	4	0	111	121	10	8	0	12	61	4	0	3	87	0	6	30	174	0	0	0	0	63	2	0	0	0	0	0	0	0	117	139	144	1	27	5	0	131	0	2	0	4	3	0	2	10	2	142	14	0	0	1	0	0	0	20	0	1	13	0	3	0	0	4	1	2	2	19	0	27	15	0	81	5	0	0	2	18	67	215	2	0	0	6	12	4	0	0	0	3	126	0	40	22	19	0	0	0	0	0	0	0	901	372	388	1611	594	337	262	191	174	65	433	154	177	17	28	128	304	25	207	0	3866	964	846	692
201802	USA	CHN	5489	390	2	148	123	13	16	8	28	5	0	303	15	4	15	2	2	1	2	0	125	22	3	18	0	8	143	6	0	0	267	3	557	465	4	5	168	60	372	3	1	6	5	0	88	56	250	2	10	1	38	79	3	37	0	13	26	5	0	5	115	0	3	15	112	0	0	0	0	78	0	0	0	0	0	0	0	0	97	103	178	1	20	0	0	72	0	0	0	5	10	0	0	0	8	138	13	0	0	0	0	0	2	20	0	0	16	0	0	0	0	10	0	0	0	16	0	14	6	0	30	6	0	0	4	2	73	135	5	0	0	26	3	11	0	0	0	20	110	0	45	30	2	1	0	0	0	3	0	0	733	344	325	1469	535	319	170	169	112	78	399	95	173	16	26	56	219	60	188	3	3406	770	761	552
201803	USA	CHN	10138	585	24	344	171	125	35	6	17	14	0	585	7	5	24	2	8	38	1	0	187	53	8	20	0	24	466	5	0	1	605	9	867	729	9	9	449	195	492	5	5	12	5	0	198	153	756	9	4	0	92	111	13	4	0	28	72	5	0	15	105	0	0	49	169	0	0	0	0	149	2	0	0	2	0	0	0	0	198	171	317	27	63	1	0	124	0	2	0	8	9	0	6	1	7	289	7	0	0	3	0	0	0	106	2	0	34	0	4	0	0	5	5	9	0	4	0	19	15	0	60	11	0	0	13	1	80	127	0	0	0	16	2	28	0	0	0	2	194	9	37	33	5	2	0	0	0	0	0	0	1321	670	764	2677	912	922	248	246	169	153	777	157	407	38	23	105	221	48	280	0	6344	1585	1532	677
201804	USA	CHN	11493	585	13	549	235	148	30	10	21	20	1	970	5	16	7	2	23	29	2	1	223	121	9	16	0	16	335	24	0	4	589	5	786	648	2	3	560	221	394	3	1	14	22	0	269	178	1003	5	14	0	139	134	14	0	2	30	144	8	2	6	170	0	14	54	151	2	0	0	0	100	2	0	0	4	0	0	0	0	295	230	292	10	98	2	0	167	0	0	0	10	7	0	3	8	9	230	8	0	0	0	0	0	0	89	0	1	18	0	1	0	0	8	8	0	2	17	0	39	2	1	31	2	0	4	15	10	148	165	2	0	0	31	18	4	0	0	0	11	255	0	28	104	2	0	0	0	0	0	0	0	1612	1055	748	2593	924	1200	319	398	153	106	927	204	327	20	35	79	340	64	389	0	6932	2070	1584	907
201805	USA	CHN	14184	791	56	427	301	95	24	17	11	47	0	695	16	30	10	3	14	64	5	0	554	102	63	31	0	58	662	73	0	2	988	20	1071	916	39	12	845	336	386	7	5	32	37	0	362	154	615	16	14	4	103	169	12	45	0	37	145	20	0	7	163	80	0	148	201	0	0	0	0	153	8	0	0	5	5	3	0	0	288	385	377	1	109	10	0	260	0	2	0	19	14	0	2	9	11	316	33	0	9	0	0	0	0	67	3	6	35	0	1	0	4	15	2	0	0	11	0	101	9	0	41	21	0	13	4	6	218	187	7	0	0	22	5	14	0	0	0	6	176	0	17	30	1	1	0	0	0	2	0	0	1769	837	1545	3891	1165	803	366	563	201	174	1170	317	428	46	28	185	422	47	225	2	9207	1933	2135	909
201806	USA	CHN	10925	631	10	322	237	83	14	40	32	20	2	518	7	21	49	15	32	22	4	2	323	181	17	20	0	52	358	15	1	0	550	14	891	645	22	8	535	263	359	19	2	19	2	0	199	84	744	10	8	1	141	92	3	6	0	7	110	20	0	7	273	35	2	52	175	9	0	0	0	158	0	0	0	3	12	0	0	0	188	208	302	0	117	2	0	117	0	7	0	2	5	0	0	23	9	246	0	0	0	0	0	0	0	77	0	1	17	0	0	0	0	17	0	1	0	5	0	118	18	3	56	17	0	5	9	8	130	236	3	72	0	9	0	3	0	0	0	12	248	0	50	65	2	2	0	0	0	4	3	0	1391	670	967	2665	863	847	249	499	184	173	817	163	323	18	23	217	458	24	367	7	6556	1779	1494	1096
201807	USA	CHN	10492	678	14	383	249	79	44	15	22	7	1	621	14	4	12	0	14	21	2	0	310	58	6	21	0	13	272	8	1	0	447	12	644	646	13	2	359	192	375	5	0	20	1	0	225	136	1030	5	0	0	89	184	5	14	0	5	119	39	1	4	136	2	2	49	185	0	0	0	0	121	3	0	0	1	4	2	0	0	252	224	304	8	121	9	0	197	2	5	0	12	18	0	6	6	0	258	7	0	1	7	0	0	0	86	10	4	52	0	2	0	0	10	0	4	0	12	0	79	9	0	31	6	0	0	2	6	138	141	1	0	0	17	7	6	4	0	0	6	353	4	18	83	6	12	0	0	0	0	0	0	1492	688	689	2123	818	1171	297	352	185	131	918	246	369	58	26	125	288	40	476	0	5810	2005	1722	955
201808	USA	CHN	11023	659	23	378	224	143	25	13	31	10	1	664	7	2	12	0	7	15	0	0	167	82	9	28	0	65	315	5	0	0	491	1	787	713	2	17	491	181	297	5	2	44	0	0	197	132	704	10	0	0	90	210	5	7	0	8	137	10	3	3	79	2	2	94	466	1	1	0	0	99	12	0	0	0	0	6	0	0	182	311	411	8	79	0	0	209	0	0	5	14	6	0	0	7	4	238	34	0	0	3	0	0	0	50	0	1	83	0	0	0	0	15	0	1	2	24	0	111	14	0	86	25	0	2	10	4	338	151	5	0	0	12	50	4	0	0	0	8	258	0	26	36	0	2	0	0	0	0	0	0	1507	707	671	2502	726	846	320	330	468	117	991	245	325	84	42	238	508	74	322	0	6113	1964	1762	1184
201809	USA	CHN	10745	637	5	303	205	90	26	19	45	10	0	500	1	11	8	1	2	56	5	10	215	81	8	14	0	20	438	8	0	0	468	2	582	742	7	11	453	140	319	2	0	18	1	0	182	124	753	5	0	2	130	133	12	9	0	32	95	3	4	24	131	9	14	69	287	0	0	0	0	115	8	0	0	6	2	2	0	0	169	209	467	4	80	0	0	116	3	3	0	7	18	0	4	2	6	382	47	0	0	10	0	0	0	91	1	9	30	0	0	0	0	26	3	0	0	6	0	71	9	0	360	34	0	3	6	1	148	392	3	1	0	26	0	43	0	0	0	11	279	2	17	22	3	6	0	0	0	1	0	0	1340	594	784	2265	662	884	316	349	287	133	929	159	531	39	35	477	551	80	329	1	5645	1836	1791	1473
201810	USA	CHN	10625	608	16	349	249	53	57	47	31	5	0	474	2	9	15	0	11	37	1	1	239	112	8	25	0	69	358	4	0	0	585	27	660	599	11	14	350	208	393	3	0	31	0	0	219	104	551	16	3	0	81	121	44	7	0	27	125	2	2	15	155	0	3	104	248	5	0	0	0	115	0	0	0	3	11	0	0	0	238	237	560	3	60	3	0	211	0	0	0	7	10	0	0	14	7	251	13	0	0	2	0	0	0	74	1	0	16	0	1	0	0	26	35	1	0	42	0	89	39	10	138	45	0	0	2	4	173	273	40	1	0	12	4	17	0	0	0	4	252	3	26	36	12	2	0	0	6	0	3	0	1415	550	815	2246	854	674	280	406	253	129	1101	249	341	17	104	321	493	37	331	9	5880	1613	1837	1295
201811	USA	CHN	9653	590	12	359	223	85	19	12	22	30	0	459	0	11	13	5	40	37	0	0	224	78	6	5	0	56	453	13	0	0	518	40	759	701	45	11	465	162	287	7	0	14	0	4	172	64	443	7	2	4	107	87	5	17	0	15	113	7	1	14	94	3	7	60	215	0	0	0	0	104	8	1	0	1	2	0	0	0	264	244	344	2	35	3	0	151	0	4	2	22	9	0	4	9	9	240	3	0	0	0	0	0	0	42	3	2	44	0	2	0	0	12	4	2	0	20	0	59	6	3	53	8	0	2	1	10	145	194	1	0	0	16	11	14	0	0	0	15	247	0	23	22	9	17	0	0	0	3	0	0	1352	565	835	2539	646	520	231	299	215	116	892	210	288	48	38	131	351	56	318	3	5937	1265	1554	897
201812	USA	CHN	11136	606	17	390	243	60	20	13	11	13	0	475	18	5	2	0	19	28	2	1	366	71	13	32	0	149	370	24	0	0	577	21	588	631	41	19	485	231	337	2	12	43	3	0	175	113	394	5	0	0	141	88	5	17	0	40	102	12	3	15	125	0	0	80	339	0	0	0	0	149	6	0	0	4	12	0	0	0	323	279	465	11	71	5	0	149	0	0	2	1	20	0	7	38	7	204	10	0	0	2	0	0	0	54	24	2	28	0	1	0	0	1	3	0	0	15	0	77	13	1	39	15	0	0	19	2	263	670	26	0	0	25	4	11	7	0	0	113	300	0	25	35	2	0	0	0	0	3	1	0	1373	550	1025	2362	803	512	291	337	339	171	1154	224	294	31	19	145	980	160	362	4	6113	1479	1874	1670
201901	USA	CHN	10074	507	22	269	213	97	23	17	40	8	1	445	13	7	18	6	4	24	7	0	243	109	6	14	0	48	517	12	0	0	537	4	752	690	48	11	680	299	373	1	1	36	6	0	170	109	331	9	6	10	118	62	1	22	0	16	54	4	0	12	61	4	0	45	272	1	0	0	0	152	0	0	0	4	10	1	0	0	247	218	379	7	46	13	0	109	0	0	0	3	19	0	19	6	45	231	4	0	0	0	0	0	0	37	5	0	35	0	0	0	9	5	0	0	0	21	0	49	15	1	39	20	15	0	14	12	155	296	26	0	0	9	8	7	6	0	0	36	261	2	36	24	3	0	0	0	0	0	0	0	1197	524	949	2722	886	465	219	180	273	167	910	201	277	44	26	139	503	66	326	0	6278	1137	1599	1060
201902	USA	CHN	9202	502	9	331	268	68	23	11	18	5	3	364	14	7	5	2	13	45	3	4	288	89	4	16	0	35	479	37	1	0	639	6	591	518	22	0	641	299	381	0	0	40	3	0	146	89	321	13	0	3	56	111	7	10	1	15	109	4	3	11	96	3	0	37	160	0	0	0	0	84	0	1	0	4	2	5	0	0	177	141	291	4	26	7	0	132	6	2	0	2	23	0	11	3	41	123	1	0	0	7	0	0	0	49	28	15	54	0	0	0	0	11	0	1	0	28	0	52	14	1	47	97	0	0	3	3	207	205	9	0	0	18	2	2	0	0	0	1	233	0	28	20	0	0	0	0	0	2	0	0	1238	457	949	2417	869	426	200	263	160	96	646	220	208	69	40	211	427	23	281	2	5930	1049	1239	984
201903	USA	CHN	9800	610	13	299	238	63	58	19	18	15	0	444	6	24	16	0	7	41	2	0	256	72	0	33	0	32	378	15	0	2	607	17	761	571	16	19	525	221	277	4	0	18	5	0	173	127	331	7	8	2	116	161	14	9	0	12	115	0	1	11	126	18	3	33	260	1	0	0	0	126	4	0	0	10	0	0	0	0	296	185	304	0	46	9	0	215	0	0	0	10	9	0	0	9	22	176	12	0	0	2	0	0	0	36	5	6	53	0	5	0	0	2	10	0	2	14	0	60	17	6	63	23	0	0	3	10	180	192	12	0	0	9	8	7	3	0	0	11	276	0	28	88	6	0	0	0	0	0	0	0	1333	540	788	2516	698	475	312	307	261	140	840	265	231	64	28	169	397	38	398	0	5875	1355	1540	1030
201904	USA	CHN	8581	480	14	188	249	92	68	16	43	6	1	430	4	6	8	6	1	66	1	0	164	106	2	9	0	26	401	19	0	2	604	2	655	615	27	2	520	203	382	4	4	15	3	0	111	84	275	6	0	6	79	75	7	13	1	20	49	4	1	20	74	18	0	29	209	0	0	0	0	89	10	0	0	0	5	1	0	0	245	145	220	5	32	11	0	116	0	1	0	3	2	0	0	19	0	144	4	0	0	6	0	0	0	26	6	0	53	0	3	0	0	8	0	0	0	28	0	76	11	1	44	26	0	0	2	5	122	219	2	0	0	11	7	16	0	0	0	28	225	0	11	60	1	5	0	0	2	0	0	0	1157	522	729	2425	722	371	195	195	209	105	658	141	186	56	36	158	350	62	302	2	5555	970	1146	910
201905	USA	CHN	15523	855	13	508	359	182	77	26	77	22	8	726	10	15	71	3	11	46	5	0	343	159	11	22	0	28	634	16	0	1	669	17	883	839	35	13	797	306	534	39	4	5	0	0	284	175	860	19	4	2	139	116	33	54	2	98	214	20	5	6	188	12	0	65	296	2	0	0	0	233	2	0	0	6	0	2	0	0	388	271	571	16	62	6	0	269	0	7	0	8	10	0	5	27	6	384	40	0	2	3	0	0	0	160	7	0	54	0	4	0	0	9	5	1	0	15	0	421	32	16	76	104	0	0	61	5	447	191	8	0	0	26	16	14	0	0	0	14	432	15	36	63	1	1	3	0	0	4	1	0	2127	887	1214	3253	1172	1060	442	510	298	243	1314	332	596	58	30	649	712	70	551	5	8653	2310	2543	2017
201906	USA	CHN	11648	679	12	340	299	97	27	23	45	19	13	504	11	16	31	0	18	35	2	4	292	136	21	25	0	71	371	12	0	0	703	8	677	697	36	10	522	287	371	10	1	22	1	3	272	120	589	16	2	13	141	101	14	22	0	21	83	14	3	5	72	8	0	66	257	0	2	0	0	178	0	1	0	7	0	2	0	0	348	229	361	4	46	2	0	208	0	1	0	10	6	0	6	9	1	258	9	0	0	0	0	0	0	83	0	0	88	0	6	2	0	4	4	0	0	11	0	297	12	10	57	57	0	6	24	4	336	175	5	25	0	21	5	11	1	0	0	9	367	1	13	40	2	0	0	0	0	14	0	0	1554	621	928	2653	967	740	299	251	259	188	990	241	350	96	19	439	569	47	423	14	6723	1549	1865	1511
201907	USA	CHN	9644	569	3	309	216	52	32	29	34	8	10	477	1	3	16	0	8	15	2	2	250	95	14	11	0	34	390	6	0	0	573	9	656	576	22	10	435	244	414	11	6	25	4	4	178	115	449	14	11	12	127	101	25	9	0	25	105	17	0	16	100	15	0	54	218	0	0	0	0	80	3	0	0	4	0	10	0	0	177	243	308	7	56	2	0	160	8	5	0	8	8	0	2	9	7	215	18	0	0	0	0	0	0	33	2	2	52	0	0	0	0	7	0	0	0	26	0	109	22	0	132	28	0	0	19	3	189	194	10	0	0	19	10	17	0	0	0	7	206	4	15	36	4	2	0	0	0	0	0	0	1262	524	800	2281	886	601	287	307	218	97	793	207	268	54	33	291	415	53	267	0	5753	1413	1419	1059
201908	USA	CHN	11198	617	10	430	214	73	32	13	15	14	0	808	10	17	5	7	27	55	0	0	272	65	3	11	0	41	335	1	0	1	517	10	655	598	23	13	431	216	419	17	2	12	28	0	180	162	740	3	0	2	123	80	10	12	3	35	108	9	0	26	163	6	1	48	200	0	0	0	0	144	4	0	0	0	2	0	0	0	300	339	421	0	79	0	0	207	0	3	2	10	8	0	6	20	8	255	17	0	12	5	0	0	0	60	0	4	128	0	3	0	0	4	1	0	0	48	0	212	10	0	101	40	0	0	12	3	163	188	22	4	0	14	0	18	0	0	0	9	254	2	48	59	5	3	0	0	0	13	0	0	1418	929	729	2247	874	907	263	361	200	150	1139	264	349	135	53	363	392	41	371	13	6197	1731	2037	1233
201909	USA	CHN	9169	482	9	235	202	86	22	44	54	3	2	396	17	16	6	0	33	22	4	0	194	55	3	33	0	10	429	6	2	5	534	3	646	621	19	3	526	258	357	10	1	31	3	0	178	136	498	14	0	1	117	91	8	9	0	20	53	15	1	4	69	4	0	43	167	0	0	2	0	83	8	0	2	6	2	0	0	0	213	194	307	2	44	0	0	147	0	3	0	0	21	0	2	3	3	125	20	0	2	4	0	0	0	25	3	4	48	0	0	1	4	82	4	0	0	13	0	115	15	2	118	11	0	2	15	5	127	212	9	0	0	5	4	16	3	0	0	15	228	3	24	38	6	1	0	0	0	8	0	0	1139	494	737	2352	838	649	245	189	169	101	760	179	179	57	99	263	368	43	300	8	5560	1252	1276	1081
201910	USA	CHN	10325	517	9	198	262	81	26	20	61	5	18	960	426	3	14	1	9	10	4	1	267	144	4	13	0	31	421	21	4	2	539	15	528	627	30	2	456	138	425	7	7	14	15	0	172	113	443	9	2	2	164	130	3	5	0	13	63	6	0	33	150	7	2	51	230	0	0	0	0	165	23	1	0	2	0	0	0	0	200	246	263	1	20	3	0	127	0	4	0	12	17	0	0	3	4	147	3	1	0	0	0	0	0	25	1	4	46	0	0	0	3	4	0	0	0	9	0	288	17	0	86	39	0	2	15	6	172	213	2	4	0	12	0	8	0	0	0	14	130	5	12	27	3	1	0	0	0	2	0	0	1197	1428	907	2197	778	569	315	312	230	191	733	167	177	53	13	432	412	34	178	2	6507	1426	1321	1071
201911	USA	CHN	7940	464	4	250	259	60	35	23	23	18	1	455	35	10	3	0	14	19	1	1	331	103	11	3	0	12	189	25	0	0	410	4	571	502	15	12	324	122	364	7	2	6	0	0	244	74	477	12	1	3	119	85	8	13	0	11	68	9	4	3	98	7	0	33	144	3	0	0	0	106	2	0	0	0	0	0	0	0	109	177	251	0	12	1	0	166	0	2	0	4	12	0	1	8	6	144	2	0	14	0	0	0	0	25	2	0	41	0	2	0	2	2	0	0	0	5	0	79	8	0	35	9	0	0	9	0	185	169	8	8	0	7	7	10	0	0	0	7	157	1	10	27	0	0	0	0	0	3	1	0	1137	538	674	1838	745	567	236	222	147	108	550	199	187	45	7	131	379	31	195	4	4932	1172	1089	747
201912	USA	CHN	7545	417	22	157	135	34	16	11	16	16	1	419	23	1	7	3	9	11	0	2	297	186	1	19	0	22	238	37	0	0	385	7	476	404	29	7	305	151	271	3	2	8	0	0	220	76	430	24	0	0	95	89	3	3	1	21	47	5	0	14	145	0	7	31	154	0	0	0	0	74	0	0	0	2	0	0	0	0	149	155	224	4	17	4	0	168	0	2	0	18	2	0	5	3	36	112	8	0	0	5	0	0	0	16	9	4	38	0	0	0	0	2	0	0	0	11	0	98	35	2	94	15	1	1	8	2	138	227	26	0	0	9	2	25	0	0	0	11	205	0	16	36	8	5	0	0	0	0	0	0	825	475	800	1613	655	530	212	249	154	76	553	234	150	42	13	246	401	47	270	0	4368	1145	1055	977
202001	USA	CHN	13799	591	21	417	204	121	28	26	24	10	1	506	24	3	17	0	8	16	2	0	339	195	3	119	0	44	616	16	0	0	397	7	2550	1223	23	5	257	150	496	5	0	12	2	0	491	141	426	12	0	3	140	100	7	79	0	15	76	3	0	4	74	3	0	25	319	1	4	0	0	132	0	0	0	2	1	0	0	0	124	152	186	9	31	15	0	200	4	1	0	24	6	0	0	12	0	176	26	0	0	0	0	0	0	17	3	0	31	0	0	0	0	4	0	1	0	4	0	1359	38	5	45	13	0	37	3	11	184	234	23	0	0	7	0	7	4	0	0	11	202	9	18	6	14	4	0	0	0	3	0	0	1443	576	1332	4462	1156	582	341	185	324	135	517	247	222	31	9	1497	455	29	253	3	8969	1432	1152	2246
202002	USA	CHN	17610	781	4	427	287	99	21	6	24	25	0	792	0	7	6	1	15	14	0	0	175	67	6	55	0	46	692	0	0	0	438	8	3653	1579	10	17	305	159	502	6	1	3	1	0	149	210	304	6	0	1	190	108	71	105	1	12	91	23	2	5	194	19	2	86	397	0	1	0	0	145	7	0	0	3	8	0	0	0	190	201	351	7	48	14	0	289	0	1	0	5	4	0	3	15	7	344	7	0	0	0	0	0	0	28	0	4	35	0	0	2	0	2	0	2	0	16	0	2205	70	0	42	9	0	94	9	2	417	347	31	0	0	12	2	7	0	0	0	5	291	54	36	23	4	0	0	0	1	0	2	0	1674	835	1041	6010	821	521	487	422	398	163	811	324	379	41	20	2420	806	26	408	3	10381	1828	1718	3683
202003	USA	CHN	12322	804	22	330	358	114	53	23	13	2	5	800	4	8	29	2	21	18	13	0	305	38	2	27	0	5	314	1	0	0	453	5	1935	915	11	5	228	117	401	10	2	18	15	0	80	136	244	17	0	0	197	92	14	24	10	21	158	7	0	4	106	0	5	24	334	0	9	0	0	108	11	0	0	6	2	0	0	0	186	373	619	2	82	19	0	215	0	3	0	11	13	0	1	4	4	175	7	0	0	0	0	0	0	37	0	0	55	0	2	1	0	3	0	4	0	12	0	427	30	3	38	3	0	14	19	0	229	185	97	0	0	17	1	14	0	0	0	6	297	18	37	15	5	2	0	0	0	2	0	0	1724	895	692	3552	643	397	358	304	343	127	1281	251	219	58	19	515	530	38	374	2	7506	1402	1936	1478
202004	USA	CHN	13048	914	26	405	297	109	27	28	20	9	0	922	50	7	34	7	33	9	1	0	136	44	0	48	0	16	228	3	0	0	477	14	1050	822	2	0	188	182	635	25	5	4	17	0	103	210	274	13	0	1	400	352	8	51	2	31	145	12	0	11	124	2	3	50	212	0	0	16	0	179	13	0	0	11	4	0	0	0	329	434	1094	4	66	218	0	187	0	4	0	10	10	0	1	6	0	280	29	0	0	2	0	0	0	37	1	0	71	0	0	0	0	5	4	5	8	19	0	115	6	7	15	4	0	9	1	6	281	164	24	0	0	32	0	12	0	0	0	6	405	31	30	49	3	3	0	0	0	0	0	0	1835	1063	475	2553	971	498	844	347	228	207	2145	218	349	71	41	156	476	50	521	0	6897	1917	2990	1244
202005	USA	CHN	13410	852	12	441	271	173	42	38	19	9	1	963	24	27	30	41	33	15	2	0	191	94	9	26	0	20	275	3	0	26	532	5	637	560	11	24	253	211	437	13	2	9	1	4	171	128	277	10	0	2	238	379	13	40	0	18	183	5	0	14	162	3	2	61	236	0	0	1	0	230	8	0	0	7	10	0	0	0	367	520	1273	11	72	108	0	270	0	6	0	11	5	0	4	26	58	312	36	0	4	4	0	2	0	64	3	0	60	0	0	0	3	12	4	4	0	16	0	208	29	7	155	0	0	1	35	6	254	243	22	3	0	38	11	4	0	0	0	12	487	7	37	50	7	4	0	0	0	0	1	0	1858	1135	644	2022	848	417	688	430	237	255	2351	380	425	63	36	400	563	65	592	1	6507	1772	3474	1657
202006	USA	CHN	10212	587	23	282	225	128	23	36	39	77	1	751	16	12	19	11	15	21	3	1	145	52	13	14	0	18	378	6	0	5	607	18	460	462	19	4	283	134	457	8	1	13	15	2	118	160	277	8	1	1	97	129	31	13	0	25	86	6	0	7	114	2	1	49	180	0	0	0	0	137	7	3	0	6	0	2	0	0	288	409	650	7	70	2	0	163	0	0	2	10	7	0	8	18	21	153	21	0	1	2	0	0	0	46	3	9	119	0	1	0	6	5	5	4	1	25	0	182	8	2	106	3	0	0	32	14	264	185	24	0	0	21	1	8	0	0	0	5	358	2	32	49	0	5	0	0	0	11	0	0	1421	849	631	1853	748	447	295	265	180	155	1426	229	226	135	40	301	519	35	446	11	5502	1187	2171	1352
202007	USA	CHN	14551	948	25	474	292	153	66	249	6	12	4	760	54	25	14	0	17	13	14	0	191	52	49	9	0	11	264	3	0	7	513	0	831	575	4	27	252	207	545	11	8	23	3	1	142	178	299	32	0	4	91	137	24	27	0	51	153	14	0	19	184	0	4	53	348	6	0	0	0	201	3	0	0	7	4	5	0	0	271	563	926	23	59	4	0	270	1	2	0	11	4	0	2	46	13	406	102	0	0	4	0	4	0	60	116	6	199	0	2	0	0	73	11	0	0	22	0	199	186	3	326	17	0	6	56	17	866	353	34	6	0	35	1	7	0	0	0	13	404	7	46	29	9	33	0	0	0	0	0	0	2229	897	586	2202	940	513	330	427	354	220	1846	349	692	207	106	737	1332	56	528	0	6854	1624	3314	2759
202008	USA	CHN	11886	715	21	371	210	71	29	60	9	11	0	555	20	8	4	4	6	14	0	0	236	46	11	9	1	14	281	10	0	2	430	9	721	559	1	12	366	146	448	26	0	53	0	0	190	108	325	23	0	6	125	139	20	34	0	18	76	12	0	25	209	0	0	64	246	1	0	3	0	190	5	0	0	2	3	0	0	0	300	432	648	12	42	17	0	223	0	1	0	6	2	0	0	9	29	263	17	2	0	6	0	0	0	58	18	0	89	0	3	0	1	37	0	3	0	24	0	246	75	0	290	16	0	2	80	0	855	238	17	0	0	20	2	11	0	0	0	17	349	8	33	31	24	13	0	0	0	4	0	0	1497	611	610	2098	863	462	336	386	250	200	1451	270	364	93	64	629	1190	50	458	4	5679	1434	2378	2395
202009	USA	CHN	10290	689	15	299	227	70	16	48	23	5	11	531	15	6	24	0	4	3	7	0	160	66	2	16	0	23	241	6	0	0	389	5	675	512	14	24	212	183	553	3	4	20	18	0	143	96	329	10	0	0	71	131	12	12	0	15	141	3	3	32	104	0	3	58	160	0	0	0	0	171	4	0	0	13	0	5	0	0	275	317	610	5	34	14	0	157	0	0	0	11	9	0	6	12	4	265	11	0	0	5	0	0	0	44	2	2	78	0	2	0	0	36	0	0	2	5	0	258	20	1	121	1	0	8	60	5	514	206	42	1	0	39	6	4	2	0	0	14	332	11	31	50	14	5	0	0	0	4	0	0	1403	590	514	1831	924	435	241	344	160	193	1255	199	327	82	43	409	828	65	443	4	5262	1180	2056	1792
202010	USA	CHN	5883	411	2	154	129	32	7	23	12	6	0	350	2	21	6	2	2	9	0	0	77	15	0	5	0	9	184	0	0	0	459	5	374	394	9	6	164	67	357	13	11	12	0	0	94	88	142	11	0	0	48	90	3	11	0	10	57	2	2	2	77	0	0	22	109	0	0	0	0	55	0	0	0	1	0	0	0	0	144	248	320	3	12	4	0	100	0	0	0	1	2	0	0	14	3	106	0	0	0	0	0	0	0	13	0	0	26	0	0	0	0	3	1	1	0	11	0	122	18	0	61	0	0	0	7	4	143	104	4	0	0	17	4	2	0	0	0	3	196	3	7	17	4	2	0	0	0	0	0	0	776	392	290	1411	554	241	162	162	109	56	731	120	119	26	16	201	262	26	229	0	3423	674	1052	734
202011	USA	CHN	4363	305	3	97	88	29	26	12	9	3	0	258	4	20	5	2	0	7	2	0	68	28	8	8	0	11	106	1	0	0	348	2	358	238	4	4	106	81	214	9	0	2	0	0	58	45	174	19	1	0	22	28	11	21	0	4	48	0	0	3	43	0	0	35	72	0	0	0	0	77	0	0	0	4	0	0	0	0	170	133	204	19	9	4	0	66	1	0	0	3	3	0	0	14	10	57	0	0	0	2	0	0	0	9	0	2	26	0	0	0	0	5	2	0	0	3	0	54	20	6	104	3	0	0	12	0	69	54	3	0	0	5	0	2	0	0	0	2	104	1	19	24	2	1	0	0	0	5	0	0	572	298	230	1060	364	239	86	129	72	81	539	97	68	28	10	187	138	9	151	5	2524	526	813	500
202012	USA	CHN	7759	507	18	109	153	39	21	15	5	23	0	452	11	7	6	0	30	7	0	0	136	52	2	11	0	16	169	5	0	0	507	1	490	529	15	7	190	154	348	3	6	13	2	0	127	102	183	5	0	3	73	118	12	13	0	28	88	4	0	8	108	0	0	32	382	3	0	0	0	115	0	0	0	2	2	0	0	0	122	289	326	5	22	1	0	167	4	0	0	17	9	0	0	18	33	163	11	0	0	3	0	0	0	17	5	0	47	0	3	2	0	10	0	1	0	9	0	180	26	0	224	1	0	2	28	2	154	144	10	0	0	14	22	3	0	0	0	7	141	0	14	25	4	1	0	0	3	3	0	0	890	513	391	1739	653	293	244	240	385	119	765	248	199	52	20	433	338	46	185	6	4186	1162	1383	1028
202101	USA	CHN	6997	501	14	163	173	30	62	51	7	23	5	395	6	2	3	4	17	4	0	0	154	40	4	21	0	8	165	5	0	4	334	0	430	347	7	49	137	146	328	16	0	9	4	2	136	84	155	2	4	0	77	83	12	3	0	3	64	18	4	17	84	1	0	71	185	3	0	0	0	121	7	2	0	6	0	0	0	0	205	226	364	8	14	0	0	131	0	2	0	6	3	0	0	20	9	154	5	0	0	4	0	0	2	14	6	2	48	0	1	3	0	11	4	0	0	8	0	155	13	2	126	0	0	3	17	6	172	125	15	0	0	25	10	7	0	0	0	6	195	1	7	26	3	18	0	0	0	2	1	0	1029	431	401	1304	641	245	178	259	188	136	817	171	185	54	23	299	335	48	250	3	3806	870	1363	958
202102	USA	CHN	5815	471	18	229	92	33	16	6	23	22	0	329	12	11	9	0	18	4	0	0	172	25	1	2	0	10	121	3	0	0	328	26	386	310	4	6	125	148	393	10	0	3	0	0	98	46	109	7	0	0	59	150	7	14	0	17	39	9	0	11	91	7	0	26	131	4	0	0	0	77	4	0	0	0	3	0	0	0	200	213	241	3	25	1	0	97	0	3	0	2	0	0	2	3	2	89	2	0	0	2	0	0	0	36	0	3	42	0	0	0	0	3	6	2	0	9	0	36	18	0	28	3	0	1	8	10	108	89	1	0	0	29	0	3	0	0	0	4	155	1	29	22	1	7	0	0	0	0	1	0	910	383	334	1185	652	162	247	183	135	84	683	109	129	45	20	86	216	36	215	1	3464	727	1050	574
202103	USA	CHN	11168	795	20	344	254	76	62	28	14	18	6	565	4	10	9	2	11	36	0	0	140	49	0	23	0	15	590	10	0	1	935	10	619	653	77	13	661	182	371	13	3	14	5	1	123	71	184	3	3	5	84	126	7	6	0	39	85	9	0	7	156	0	1	23	102	0	6	0	0	165	0	0	0	5	4	0	0	0	220	356	677	7	68	8	0	207	0	4	0	2	1	0	0	19	0	213	11	0	0	9	0	0	0	47	0	0	92	0	0	0	0	3	1	2	4	22	0	78	20	0	373	14	0	0	22	2	115	134	10	0	0	33	1	5	0	0	0	7	374	2	34	98	3	9	0	0	0	8	0	0	1617	637	828	2968	712	266	262	281	108	174	1336	233	280	92	32	485	283	46	520	8	6762	917	2115	1374
202104	USA	CHN	6652	517	1	241	132	45	38	3	6	23	5	378	7	6	3	9	8	6	0	0	126	32	9	31	0	15	185	0	0	0	433	0	445	408	21	7	268	182	204	3	2	20	3	0	106	69	132	5	0	3	58	85	3	7	0	38	115	12	0	4	72	1	0	17	145	4	0	0	0	74	0	0	0	4	0	0	0	0	134	179	302	10	27	0	0	135	0	3	0	3	8	0	0	1	3	164	7	0	0	0	0	0	0	17	0	0	55	0	0	0	3	11	2	0	0	10	0	65	2	0	91	2	0	6	9	11	105	119	12	0	0	29	3	9	1	0	0	4	239	3	25	47	3	9	0	0	0	8	0	0	1011	417	398	1582	520	209	191	221	149	78	652	153	188	58	23	166	256	46	326	8	3928	770	1129	825
202105	USA	CHN	6138	516	12	141	118	47	9	27	8	3	0	385	21	16	8	1	9	13	3	0	97	50	3	15	0	11	182	2	0	0	271	2	318	389	13	6	198	104	269	5	0	10	17	0	53	93	148	3	0	6	76	279	19	7	0	48	67	7	0	10	58	8	0	24	109	4	0	0	0	51	21	0	0	2	2	1	0	0	144	207	226	9	21	6	0	150	3	3	0	8	7	0	1	3	10	99	4	0	2	0	0	0	0	34	0	0	59	0	1	0	0	5	3	0	1	12	0	76	7	0	87	0	0	4	2	0	84	129	6	0	0	33	1	3	0	0	0	2	227	8	11	32	0	2	0	0	0	5	6	0	881	456	360	1197	458	250	429	174	113	77	613	185	139	60	21	174	221	39	280	11	3352	966	1074	746
202106	USA	CHN	6886	507	3	186	150	48	23	21	19	8	0	461	10	18	8	8	21	10	0	0	97	38	2	14	0	11	143	6	0	0	340	7	431	422	9	18	252	111	323	7	1	11	3	1	95	60	148	4	0	1	84	266	5	13	10	26	55	7	0	8	92	6	2	37	208	0	8	2	0	122	42	0	0	8	6	0	0	0	129	211	311	5	18	0	0	147	4	2	0	9	2	0	0	6	16	149	11	0	0	5	0	0	0	37	1	0	39	0	0	2	0	0	2	2	0	5	0	75	6	0	42	3	0	7	15	3	154	88	3	3	0	17	1	3	0	0	0	10	202	1	17	51	1	3	0	0	0	3	2	0	965	536	311	1479	552	213	404	207	218	178	674	186	203	41	9	133	266	31	275	5	3843	1042	1282	719
202107	USA	CHN	6571	394	5	223	115	20	22	63	34	14	2	303	3	4	3	2	10	12	0	4	117	20	4	10	0	10	248	1	0	0	401	6	399	337	25	6	193	62	299	7	0	5	1	2	90	57	138	18	0	0	73	229	6	26	0	16	46	11	0	7	34	0	10	44	99	0	3	0	0	100	11	1	0	0	0	0	0	0	182	185	491	2	12	6	0	179	1	4	0	6	4	0	1	22	3	151	5	0	0	1	0	0	0	40	0	5	45	0	0	0	1	5	0	0	1	17	0	126	9	0	125	0	0	15	20	2	68	117	4	0	0	25	1	7	0	0	0	1	206	1	27	39	4	0	0	0	0	0	0	0	892	341	410	1367	466	213	350	152	102	112	878	220	197	51	23	275	211	34	277	0	3476	817	1458	820
202108	USA	CHN	4301	314	3	139	72	28	11	19	0	3	0	253	3	7	10	0	3	25	0	0	85	17	5	13	0	1	127	0	0	3	325	1	248	314	20	7	142	74	230	1	0	9	0	3	48	49	115	11	1	2	49	106	10	24	0	11	35	1	0	10	57	2	4	26	111	0	0	1	0	74	14	0	0	3	0	0	0	0	89	111	207	2	11	0	0	113	0	0	0	5	2	0	0	5	3	78	0	0	0	1	0	0	0	14	0	0	36	0	0	0	0	19	1	0	0	11	0	30	2	0	17	2	0	0	6	14	36	63	3	0	0	8	0	5	0	0	0	3	98	2	6	9	0	7	0	0	0	2	1	0	589	301	251	1057	365	178	200	135	112	91	420	128	93	36	31	51	122	16	122	3	2563	625	768	345
202109	USA	CHN	6453	447	21	216	174	42	10	23	14	18	6	370	19	7	4	7	12	19	0	0	172	44	4	12	0	18	185	2	0	1	517	22	403	352	5	1	256	174	278	15	0	14	13	0	78	56	109	3	0	5	68	141	9	4	3	8	77	13	1	6	72	7	0	35	134	2	0	0	0	108	1	0	0	8	1	0	0	0	151	166	192	0	31	1	0	174	1	1	0	12	11	0	0	4	2	98	3	0	1	5	0	0	0	51	0	0	62	0	0	0	0	41	13	0	3	19	0	43	10	2	55	7	0	0	5	15	99	106	10	0	0	7	0	3	0	0	0	6	146	8	8	31	0	4	0	0	0	0	0	0	971	438	438	1556	572	173	233	211	136	118	541	205	158	62	76	117	235	16	197	0	3975	753	1084	641
202110	USA	CHN	7067	572	16	363	156	51	52	15	15	9	4	381	8	22	4	1	18	13	2	0	153	32	0	20	0	18	301	0	0	0	421	9	424	343	25	7	300	169	306	13	8	61	4	0	122	54	175	4	0	0	84	112	12	7	0	14	72	12	0	7	78	2	0	24	107	0	0	0	0	70	2	0	0	2	0	0	0	0	150	231	208	1	24	1	0	214	0	1	0	4	8	0	1	15	3	166	3	0	0	7	0	0	0	33	3	0	86	0	6	0	0	3	5	1	0	27	0	58	20	0	43	0	0	0	16	5	112	78	9	0	0	4	0	4	1	0	0	7	150	11	11	33	2	18	0	0	0	8	0	0	1253	449	524	1529	683	233	229	195	107	74	615	246	212	92	36	121	220	16	225	8	4438	764	1239	626
202111	USA	CHN	6888	405	8	275	152	51	45	6	10	2	0	295	9	6	0	0	12	16	0	0	230	27	20	10	0	34	285	1	0	0	672	17	362	435	26	6	287	268	262	8	1	30	13	0	206	43	92	1	5	0	49	167	6	11	0	11	42	19	0	5	84	0	8	36	79	0	1	0	0	88	1	1	0	0	3	0	0	0	154	189	179	16	32	0	0	120	1	2	2	9	16	0	0	19	5	101	2	0	0	2	0	3	0	36	2	1	65	0	2	0	0	10	3	0	3	20	0	57	20	0	32	2	0	4	1	2	67	193	7	0	0	9	8	4	0	0	0	3	144	3	16	56	15	6	0	0	0	1	0	0	954	338	607	1805	788	141	244	194	80	93	570	174	146	68	36	115	270	24	240	1	4492	659	1051	686
202112	USA	CHN	5645	366	4	210	108	31	4	2	9	18	0	277	3	15	7	0	5	0	0	1	96	19	1	7	0	17	149	30	0	1	309	3	351	389	4	13	193	143	248	3	0	35	2	0	120	67	172	15	0	0	71	124	7	9	0	11	37	1	0	5	50	0	1	27	92	2	0	0	0	59	0	0	0	0	0	0	0	0	141	139	243	12	9	2	0	123	5	11	0	4	11	0	0	14	3	125	11	0	0	0	0	0	0	20	2	0	56	1	0	0	0	4	0	0	0	21	0	76	6	0	217	0	0	0	8	2	89	134	3	0	0	6	1	3	0	0	0	1	147	0	9	36	2	5	0	0	0	0	0	0	752	308	320	1262	551	254	222	121	94	59	546	171	158	57	25	299	236	11	199	0	3193	691	991	770
202201	USA	CHN	4317	312	6	180	60	31	47	20	15	13	0	280	0	4	2	1	3	3	0	2	55	18	0	18	0	5	76	7	0	0	217	3	303	284	0	0	108	94	231	7	0	12	25	0	92	65	102	4	0	0	46	107	6	3	0	11	57	10	0	8	50	0	0	10	59	0	1	0	0	50	1	0	0	3	0	0	0	0	110	102	143	1	20	0	0	100	4	2	0	3	10	0	0	5	0	64	0	0	0	0	0	0	0	21	0	0	49	0	0	0	0	2	0	0	0	11	0	97	3	1	56	1	0	0	8	2	128	28	2	0	0	2	1	12	0	0	0	1	156	1	5	28	3	6	0	0	0	2	0	0	684	295	179	915	461	171	173	135	60	54	376	124	85	49	13	158	168	16	199	2	2534	539	688	556
202202	USA	CHN	4282	279	12	142	96	15	23	17	28	1	5	204	2	10	7	0	3	5	0	8	81	12	6	8	0	4	102	4	0	0	221	3	373	214	7	14	99	74	274	1	2	11	22	0	85	23	166	5	1	4	29	96	13	6	0	38	30	14	0	1	42	2	1	21	46	0	0	0	0	43	2	0	0	2	0	0	0	0	74	117	219	0	30	0	0	74	0	1	0	3	11	0	0	6	4	120	3	0	0	0	0	0	0	17	0	0	53	0	0	0	0	0	0	0	0	10	0	28	2	0	31	1	0	1	4	8	60	104	11	0	0	17	9	3	0	0	0	1	144	0	18	26	1	0	0	0	0	8	4	0	618	239	217	931	469	199	182	111	46	47	440	99	140	53	10	63	187	30	189	12	2474	538	779	491
202203	USA	CHN	6671	417	10	240	138	20	20	6	11	20	2	452	3	23	68	0	15	6	0	1	78	22	6	33	0	2	459	1	0	0	603	13	422	397	16	3	273	138	301	3	1	19	0	0	65	90	106	0	0	7	78	96	27	2	1	30	33	13	0	5	46	10	1	4	84	3	0	0	0	71	8	0	0	0	3	0	0	0	129	109	293	0	9	4	0	90	0	1	0	6	3	0	0	3	0	305	0	0	0	0	0	0	0	22	4	3	51	0	1	0	0	23	0	0	0	16	0	33	3	2	66	1	0	0	0	2	81	110	5	0	0	9	0	14	0	0	0	3	147	1	20	56	4	15	0	0	0	2	0	0	884	568	601	1727	527	203	234	112	87	82	544	103	331	55	39	105	198	26	243	2	4307	636	1115	613
202204	USA	CHN	4700	314	17	186	74	46	13	12	27	10	0	262	0	8	5	0	26	2	0	0	83	15	8	14	0	35	131	0	0	0	351	4	424	326	7	0	137	128	190	6	0	16	20	0	105	62	127	2	0	0	44	87	12	8	0	7	43	7	0	3	61	2	2	25	79	0	0	0	0	48	1	0	3	0	0	0	0	0	78	97	120	2	6	0	0	73	0	3	0	11	0	0	0	0	11	148	14	0	0	0	0	0	0	19	0	1	45	0	0	0	0	2	3	0	0	17	0	27	4	0	14	0	0	2	0	5	63	109	9	0	0	8	2	9	3	0	0	9	95	1	22	40	2	1	0	0	0	0	0	0	699	303	286	1249	465	191	158	143	79	52	303	98	181	46	22	47	186	31	161	0	3002	571	680	447
202205	USA	CHN	4960	405	6	163	125	37	69	14	19	15	0	231	2	4	9	0	2	9	0	0	65	22	7	4	0	11	161	4	0	0	259	7	425	344	0	6	121	107	242	3	0	46	5	0	66	56	99	10	0	0	73	66	6	10	0	17	28	6	0	3	42	0	0	30	130	0	4	0	0	28	1	1	0	4	0	0	0	0	63	137	187	1	18	7	0	105	3	1	0	6	13	0	0	2	10	100	13	0	0	0	0	0	0	29	0	0	31	0	3	0	0	12	4	3	0	14	0	30	8	0	35	0	0	0	2	6	55	102	5	4	0	14	1	2	0	0	0	5	205	8	25	59	1	2	0	0	0	0	0	0	853	257	274	1162	469	165	172	109	134	34	413	140	142	34	33	73	174	22	300	0	3015	580	763	602
202206	USA	CHN	4331	344	5	151	116	15	39	17	18	7	0	262	1	10	0	0	12	9	1	2	55	18	6	12	0	9	93	5	0	0	301	0	246	250	17	4	224	90	212	0	1	19	4	0	74	65	120	5	0	3	40	51	8	4	0	11	32	0	0	1	30	0	4	2	62	0	0	0	0	44	4	0	0	3	0	0	0	0	100	125	142	4	5	1	0	99	0	1	0	7	5	0	2	2	6	114	2	0	0	0	0	0	0	19	0	2	20	0	0	0	0	2	0	0	0	16	0	22	9	1	38	4	0	0	3	4	84	105	2	1	0	8	6	9	0	0	0	3	192	2	13	12	0	1	0	0	0	0	0	0	712	297	198	1042	400	193	114	69	62	51	377	122	135	22	18	74	199	26	220	0	2649	438	707	537
202207	USA	CHN	4977	351	9	197	103	30	32	1	19	11	0	273	3	4	1	1	17	23	5	0	70	28	0	19	0	3	157	4	0	0	346	20	325	324	5	0	194	97	241	3	0	21	1	0	82	93	150	4	0	3	69	65	9	10	0	8	51	1	0	0	54	1	0	12	90	0	0	1	0	52	3	0	0	4	0	0	0	0	189	196	187	1	11	0	0	77	0	0	0	2	4	0	0	11	6	112	0	0	0	0	0	0	0	11	1	0	19	0	0	0	0	5	1	0	0	11	0	94	7	0	11	3	0	0	4	3	58	98	2	0	0	11	1	8	0	0	0	5	101	0	4	15	3	4	0	0	0	0	1	0	753	327	281	1214	445	250	161	119	91	59	584	100	124	19	17	115	165	25	127	1	3020	621	886	450
202208	USA	CHN	6251	378	5	214	124	26	103	22	6	7	0	291	14	5	2	0	33	37	0	0	156	44	10	6	0	2	188	24	0	0	413	10	551	436	7	0	182	86	292	4	3	107	3	0	170	49	116	6	4	0	35	77	7	2	0	1	60	1	0	2	96	2	0	13	73	0	0	0	0	44	3	0	0	8	0	0	0	0	120	244	205	0	3	3	0	139	0	0	0	4	5	0	0	31	4	272	2	0	0	1	0	0	0	25	1	0	28	0	0	2	0	43	2	5	0	11	0	116	16	1	32	7	0	7	7	0	75	49	6	0	0	17	0	5	3	0	0	6	152	0	14	15	7	6	0	0	0	0	0	0	885	382	430	1599	665	175	122	174	73	55	575	183	301	30	61	179	137	31	194	0	3961	544	1144	602
202209	USA	CHN	4218	310	9	101	105	24	47	6	48	2	0	252	3	29	8	0	0	4	0	0	72	18	1	22	0	10	114	2	0	0	266	0	330	368	8	5	108	94	176	6	2	26	5	0	76	74	148	3	0	0	35	51	9	0	0	4	38	7	0	3	72	3	1	1	78	0	0	0	0	65	1	0	0	2	0	0	0	0	56	144	205	0	4	1	0	77	0	1	0	2	13	0	0	6	7	44	12	0	0	2	0	0	0	7	0	0	5	0	0	0	0	10	0	0	0	9	0	29	9	0	31	5	0	1	7	1	42	98	4	0	0	7	0	3	0	0	2	0	92	2	4	10	3	4	0	0	0	7	0	0	652	296	239	1085	385	225	99	125	78	68	410	106	65	5	19	75	152	12	115	7	2657	527	654	380
202210	USA	CHN	3907	257	5	130	110	27	15	1	16	4	0	205	1	4	3	0	0	3	0	3	59	8	0	9	0	2	77	0	0	0	225	6	285	312	0	8	117	68	188	0	6	11	1	0	30	93	167	1	0	1	49	91	9	8	0	16	30	4	0	0	38	3	1	6	64	0	0	3	0	48	5	0	0	1	1	0	0	0	42	101	194	3	9	0	0	107	0	0	0	0	0	0	0	13	4	84	4	0	0	0	0	0	0	26	0	0	17	0	0	0	1	6	6	4	0	7	0	37	6	2	43	0	0	1	12	3	86	109	13	0	0	9	3	10	0	0	0	12	72	3	10	9	2	2	0	0	0	0	0	0	565	219	155	953	304	262	173	82	67	55	349	124	114	18	23	89	223	34	98	0	2196	584	660	467
202211	USA	CHN	5518	340	4	169	134	42	47	24	9	9	0	203	6	11	4	2	22	35	0	0	136	22	2	10	0	5	280	7	0	0	648	2	338	343	42	4	369	197	189	3	1	6	5	0	58	84	120	1	0	2	45	52	14	4	0	8	41	2	0	8	55	0	0	4	95	0	8	0	0	67	0	0	0	3	0	0	0	0	110	113	125	0	7	0	0	86	2	0	0	0	6	0	0	2	4	114	2	0	1	1	0	0	0	16	0	3	59	0	0	0	0	2	0	9	4	6	0	47	8	0	37	0	0	0	3	0	96	140	2	6	0	7	0	5	0	0	0	29	84	0	11	28	0	2	0	0	0	0	0	0	778	283	462	1746	459	207	123	110	103	70	355	100	134	62	21	92	247	41	125	0	3728	543	721	526
202212	USA	CHN	4723	334	2	228	57	17	21	9	7	9	0	289	6	4	9	0	9	15	1	0	77	27	2	25	1	5	166	0	0	0	278	5	317	305	7	5	118	106	164	5	7	11	0	0	80	76	162	7	0	0	32	107	8	4	0	5	33	7	1	4	59	0	0	14	99	0	0	0	0	82	2	0	0	0	0	0	0	0	104	86	126	7	37	3	0	80	0	0	2	6	3	0	0	8	4	162	2	0	0	1	0	0	0	7	3	0	60	0	0	0	0	12	0	2	0	16	0	72	9	0	50	1	0	3	9	4	192	62	7	0	0	8	1	6	0	0	0	0	90	7	9	26	1	1	0	0	0	4	0	0	684	333	303	1035	373	245	156	118	99	84	363	103	175	60	30	135	274	15	134	4	2728	618	785	592
202301	USA	CHN	5075	357	6	215	127	30	21	11	32	4	0	264	4	3	24	1	1	11	3	0	51	22	0	13	0	6	241	4	0	0	248	7	348	358	5	0	166	72	263	6	0	7	0	0	30	87	165	3	0	0	73	105	8	4	0	16	37	3	0	2	56	0	0	12	151	0	0	0	0	49	1	0	0	3	1	0	0	0	66	120	99	4	16	0	0	100	1	1	0	3	2	0	5	3	2	125	10	0	0	0	0	0	0	33	0	1	8	0	0	0	1	7	1	0	0	29	0	42	18	6	21	4	0	0	0	6	165	127	0	0	0	11	0	5	0	0	0	7	155	0	12	106	9	3	0	0	0	4	0	0	803	311	337	1132	378	255	206	110	151	54	305	117	168	10	37	91	298	23	285	4	2961	722	654	738
202302	USA	CHN	7237	495	7	339	169	98	25	18	20	8	2	423	5	8	7	1	15	33	0	0	76	28	2	29	0	28	247	0	0	0	518	6	506	370	22	0	203	110	213	4	1	24	3	0	67	92	144	8	0	0	76	53	25	2	1	19	61	0	3	2	58	0	3	29	239	3	0	0	0	71	3	0	0	0	0	0	0	0	140	189	208	10	11	0	0	202	4	8	3	13	10	0	0	13	2	287	19	0	3	0	0	0	0	46	13	6	42	0	0	0	0	14	0	0	0	49	0	119	81	2	50	10	0	0	6	4	217	83	1	1	0	6	1	8	2	0	0	2	159	2	20	109	33	3	0	0	0	4	0	0	1181	492	410	1625	422	244	176	156	242	74	558	255	368	48	63	262	312	19	326	4	4130	818	1303	986
202303	USA	CHN	8719	773	9	363	226	53	49	44	4	7	5	602	4	3	10	3	23	13	2	2	71	37	3	14	0	19	245	2	0	0	489	3	537	540	15	47	242	170	451	23	3	66	2	2	96	62	191	4	1	8	85	129	20	4	0	11	69	18	0	2	64	4	0	29	206	1	0	0	0	109	2	0	0	2	0	0	0	0	198	218	398	12	33	0	0	213	2	2	0	6	17	0	13	4	7	239	2	0	0	2	0	0	0	23	8	0	16	0	0	5	0	6	0	15	0	23	0	72	24	0	49	12	0	0	8	8	352	170	9	0	0	14	0	30	0	0	0	0	147	0	22	29	5	13	0	0	0	0	0	0	1533	662	391	1873	813	266	249	186	207	113	859	264	274	21	44	157	547	44	216	0	5272	908	1531	1008
202304	USA	CHN	10027	553	17	299	190	55	123	12	12	6	5	559	4	8	4	5	95	51	0	0	120	36	8	10	0	19	327	6	0	0	865	10	794	1020	15	35	311	160	306	8	2	210	5	0	93	66	188	15	5	2	87	89	32	10	0	22	74	8	0	8	98	4	0	17	254	3	0	0	0	119	3	0	0	5	4	0	0	0	218	221	389	6	37	1	0	182	0	4	0	12	13	0	0	12	23	244	34	0	0	0	0	0	0	34	4	1	47	0	0	6	0	32	6	0	0	20	0	74	28	2	52	10	0	1	5	1	256	256	2	0	0	15	4	10	0	0	0	6	186	5	46	41	4	5	0	0	0	1	0	0	1272	726	526	3050	784	276	240	209	257	131	872	246	316	54	58	167	520	35	287	1	6358	982	1619	1068
202305	USA	CHN	1150	79	0	45	44	7	2	2	0	4	0	65	0	0	2	0	19	0	0	0	15	2	0	7	0	1	39	0	0	0	72	2	121	99	1	2	45	30	75	0	0	2	0	0	10	10	22	0	0	0	6	5	10	0	0	3	7	0	0	0	14	0	0	0	5	0	0	0	0	4	0	0	0	2	0	0	0	0	28	24	29	0	9	0	0	20	0	0	2	0	1	0	0	0	0	23	0	0	0	0	0	0	0	6	0	0	1	0	2	0	0	2	0	0	0	1	0	5	1	0	8	1	0	0	3	0	33	22	0	0	0	2	0	1	0	0	0	0	27	0	5	10	4	0	0	0	0	0	0	0	183	86	64	342	117	32	24	21	5	6	90	23	29	3	3	15	58	3	46	0	792	82	151	125
